INSERT INTO address
VALUES
  (1, "6989 Saint Louis Manor", "Hartford", "Arizona", 49404),
  (2, "6431 Workhaven Avenue", "Saint Paul", "Kentucky", 64090),
  (3, "4074 Ranchi Street", "Round Lake Beach", "South Carolina", 12881),
  (4, "9652 Izumisano Street", "North Las Vegas", "New Jersey", 34233),
  (5, "3857 Santiago Way", "Minneapolis", "New York", 34517),
  (6, "1522 Munger Parkway", "Pembroke Pines", "Indiana", 20568),
  (7, "8890 Workhaven Street", "Bridgeport", "Arkansas", 81147),
  (8, "9041 Lancaster Avenue", "Berkeley", "Washington", 69700),
  (9, "5337 Imus Way", "St. Petersburg", "Minnesota", 13891),
  (10, "6316 Isesaki Lane", "Olathe", "Ohio", 44169),
  (11, "9838 Amroha Boulevard", "Normal", "Kentucky", 30851),
  (12, "2277 Cam Ranh Boulevard", "Scranton", "Oregon", 13497),
  (13, "2639 Iligan Circle", "Norman", "Kansas", 52519),
  (14, "2504 Amroha Loop", "Madison", "Iowa", 83390),
  (15, "9253 Duisberg Way", "Thornton", "Idaho", 49740),
  (16, "8039 Korolev Avenue", "San Jose", "Kansas", 40477),
  (17, "9149 Mandaluyong Lane", "North Charleston", "Nevada", 81434),
  (18, "2866 Hanoi Boulevard", "Cedar Rapids", "California", 15304),
  (19, "2927 Purnia Loop", "Tacoma", "Tennessee", 84466),
  (20, "3724 Purnia Loop", "Murfreesboro", "New Jersey", 47873),
  (21, "6872 Duisberg Parkway", "Torrance", "New Jersey", 88656),
  (22, "4481 Mandaluyong Avenue", "Norfolk", "Maryland", 55388),
  (23, "7785 Lancaster Circle", "Memphis", "Alabama", 62420),
  (24, "4233 Idfu Avenue", "Elkhart", "Wyoming", 54759),
  (25, "282 Amroha Avenue", "Spokane", "Hawaii", 71460),
  (26, "4757 Buenaventura Drive", "North Charleston", "Indiana", 74293),
  (27, "1203 Tokat Loop", "Sioux City", "Arizona", 30899),
  (28, "8046 Korolev Parkway", "Murrieta", "New York", 24377),
  (29, "7527 Toulan Drive", "Fargo", "Alabama", 49090),
  (30, "9917 Okara Parkway", "Port Orange", "Alaska", 34371),
  (31, "8853 Halifax Boulevard", "Milwaukee", "New Jersey", 70304),
  (32, "1026 Garland Way", "Peoria", "California", 65578),
  (33, "4491 Ranchi Parkway", "St. Louis", "Arkansas", 14203),
  (34, "8478 Garland Manor", "Daytona Beach", "South Carolina", 16036),
  (35, "6170 Hodeida Boulevard", "Jersey City", "Texas", 54520),
  (36, "1868 Purnia Circle", "Cambridge", "Colorado", 34621),
  (37, "3874 Hidalgo Drive", "Norfolk", "Maryland", 79810),
  (38, "4261 Loja Way", "Bryan", "Alaska", 62917),
  (39, "535 Isesaki Way", "Cambridge", "Kentucky", 34307),
  (40, "4105 Duisberg Drive", "Houston", "Delaware", 72495),
  (41, "1045 Duisberg Circle", "McHenry", "Vermont", 97944),
  (42, "9883 Isesaki Lane", "Muskegon", "California", 51563),
  (43, "8513 Inegl Parkway", "North Las Vegas", "Ohio", 71281),
  (44, "2716 Isesaki Lane", "New Orleans", "Louisiana", 02940),
  (45, "2740 Alleppey Lane", "San Bernardino", "Alabama", 26123),
  (46, "5077 Ranchi Manor", "Champaign", "New Mexico", 19079),
  (47, "4495 Loja Circle", "Saint Paul", "Nebraska", 47067),
  (48, "2987 Botshebelo Avenue", "Fargo", "Utah", 94817),
  (49, "5311 Idfu Manor", "Sebastian", "Idaho", 31433),
  (50, "2056 Ponce Manor", "Nashville", "Missouri", 66275),
  (51, "5092 Tama Street", "Chandler", "Alaska", 57857),
  (52, "2270 Mandaluyong Loop", "Palm Springs", "New York", 33316),
  (53, "7736 Garland Boulevard", "Deltona", "Indiana", 97656),
  (54, "850 Munger Street", "Richmond County", "New York", 23088),
  (55, "2528 Izumisano Street", "Portland", "Connecticut", 86437),
  (56, "4080 Imus Way", "Fullerton", "Missouri", 15766),
  (57, "9543 Bisling Parkway", "Charleston", "Georgia", 84809),
  (58, "1522 Inegl Street", "Corpus Christi", "Mississippi", 95641),
  (59, "5553 Garland Boulevard", "Pittsburgh", "Arkansas", 35676),
  (60, "7692 Amroha Way", "Saint Petersburg", "Mississippi", 61197),
  (61, "7352 Halifax Lane", "Salem", "Louisiana", 54880),
  (62, "6407 Lillydale Lane", "Westminster", "Washington", 17649),
  (63, "7939 Isesaki Circle", "St. Petersburg", "North Dakota", 33069),
  (64, "1508 Hodeida Manor", "Savannah", "New York", 56226),
  (65, "5964 Alleppey Avenue", "Plano", "Wisconsin", 69930),
  (66, "8310 Cam Ranh Boulevard", "Boise City", "Ohio", 00989),
  (67, "1843 Arlington Parkway", "Salt Lake City", "South Carolina", 48916),
  (68, "1421 Inegl Way", "Akron", "New Jersey", 73841),
  (69, "1521 Inegl Boulevard", "Colorado Springs", "Montana", 31956),
  (70, "8174 Aurora Way", "York", "Idaho", 38557),
  (71, "2110 Loja Lane", "Melbourne", "Iowa", 44921),
  (72, "3045 Fukuyama Street", "Clarke County", "Arkansas", 20151),
  (73, "8088 Ranchi Street", "North Charleston", "Nebraska", 24897),
  (74, "5597 Halifax Circle", "Miramar", "Wisconsin", 04820),
  (75, "5972 Tokat Manor", "Hampton", "North Carolina", 91218),
  (76, "782 Duisberg Avenue", "Santa Ana", "Montana", 77050),
  (77, "7463 Brest Circle", "Poughkeepsie", "Vermont", 38978),
  (78, "2748 Hanoi Street", "Deltona", "New Mexico", 49894),
  (79, "7233 Korolev Lane", "Muskegon", "Iowa", 77903),
  (80, "1838 Brest Loop", "Indianapolis", "Arkansas", 21391),
  (81, "7397 Halifax Circle", "Richmond", "Utah", 27876),
  (82, "7432 Amroha Lane", "Modesto", "Nebraska", 63507),
  (83, "9434 Hodeida Lane", "Palm Bay", "Tennessee", 93759),
  (84, "3110 Tokat Boulevard", "Toledo", "Connecticut", 75415),
  (85, "6981 Hanoi Street", "Denton", "North Dakota", 25360),
  (86, "1042 Iligan Way", "Antioch", "Kansas", 99253),
  (87, "5332 Tama Drive", "Chandler", "Utah", 48394),
  (88, "5378 Imus Drive", "GreenBay", "Vermont", 75671),
  (89, "8534 Kimchon Street", "Minneapolis", "Georgia", 78003),
  (90, "6972 Tokat Lane", "Anchorage", "New York", 34319),
  (91, "3448 Fukuyama Boulevard", "Kailua", "Virginia", 51261),
  (92, "961 Lancaster Manor", "Huntsville", "New Mexico", 78711),
  (93, "3796 Kowloon Circle", "Palmdale", "Washington", 72095),
  (94, "9913 Idfu Lane", "Hesperia", "Wyoming", 86673),
  (95, "7590 Cam Ranh Loop", "Des Moines", "Nevada", 37612),
  (96, "7296 Halifax Way", "Lakewood", "Idaho", 37195),
  (97, "6421 Bisling Boulevard", "Palm Bay", "Wisconsin", 51528),
  (98, "5960 Kabul Boulevard", "Alexandria", "Idaho", 58798),
  (99, "9359 Ponce Street", "Boulder", "Vermont", 03846),
  (100, "1282 Buenaventura Street", "Hialeah", "Colorado", 27604),
  (101, "588 Imus Manor", "Hagerstown", "Wisconsin", 34418),
  (102, "6616 Saint Louis Drive", "Victorville", "Michigan", 06335),
  (103, "4038 Mandaluyong Way", "Palm Bay", "North Dakota", 65599),
  (104, "6686 Duisberg Drive", "Palm Bay", "Tennessee", 28868),
  (105, "2265 Tama Boulevard", "Santa Clarita", "Wisconsin", 94766),
  (106, "4038 Hino Circle", "Fort Lauderdale", "Massachusetts", 03089),
  (107, "3877 Ranchi Boulevard", "Cary", "Wisconsin", 25285),
  (108, "5472 Santiago Avenue", "Raleigh", "Connecticut", 50421),
  (109, "3396 Alleppey Avenue", "Temecula", "Tennessee", 32439),
  (110, "6325 Joliet Circle", "Sacramento", "North Carolina", 00555),
  (111, "3225 Imus Lane", "Layton", "Kansas", 49875),
  (112, "7179 Lancaster Lane", "Roseville", "Wisconsin", 56410),
  (113, "9755 Hanoi Boulevard", "Port Arthur", "Vermont", 20247),
  (114, "2091 Hanoi Boulevard", "Irvine", "Iowa", 00985),
  (115, "5613 Cam Ranh Drive", "San Francisco", "Maine", 91842),
  (116, "993 Brest Drive", "Fontana", "Nebraska", 64404),
  (117, "3931 Kabul Street", "Fort Wayne", "Nevada", 00643),
  (118, "3842 Bisling Drive", "Norwalk", "Pennsylvania", 69664),
  (119, "2029 Otsu Loop", "Lansing", "Oklahoma", 15450),
  (120, "9255 Inegl Parkway", "Chicago", "Arizona", 84290),
  (121, "7146 Buenaventura Loop", "Huntsville", "Mississippi", 09846),
  (122, "9836 Ranchi Circle", "Vancouver", "Wyoming", 47407),
  (123, "2296 Cam Ranh Lane", "Chattanooga", "Wyoming", 06894),
  (124, "6701 Garland Loop", "Fort Worth", "Virginia", 07197),
  (125, "2224 Aurora Boulevard", "Springdale", "Wisconsin", 02767),
  (126, "1945 Ponce Circle", "Punta Gorda", "Maine", 30226),
  (127, "3163 Buenaventura Avenue", "Kenosha", "New Mexico", 06292),
  (128, "8314 Halifax Circle", "Jackson", "Arizona", 51595),
  (129, "6741 Buenaventura Avenue", "Fort Wayne", "Pennsylvania", 69206),
  (130, "6810 Toulan Way", "Lewisville", "New Mexico", 06205),
  (131, "8322 Halifax Way", "Salt Lake City", "Colorado", 35141),
  (132, "8910 Amroha Parkway", "Brownsville", "Florida", 44529),
  (133, "1595 Guadalajara Manor", "Sebastian", "South Carolina", 98000),
  (134, "6500 Hino Manor", "Denver", "Michigan", 34696),
  (135, "8478 Workhaven Lane", "Kennewick", "Idaho", 49436),
  (136, "5946 Alleppey Lane", "Hemet", "Arizona", 84158),
  (137, "9200 Otsu Way", "Green Bay", "California", 42951),
  (138, "6472 Joliet Manor", "Panama City", "Texas", 00617),
  (139, "4572 Valencia Circle", "West Covina", "Nebraska", 09631),
  (140, "4252 Imus Avenue", "Little Rock", "Vermont", 83487),
  (141, "8774 Fukuyama Drive", "Mobile", "Wyoming", 69394),
  (142, "3754 Mandaluyong Boulevard", "Winston", "New York", 25400),
  (143, "1940 Botshebelo Manor", "Santa Ana", "Massachusetts", 74094),
  (144, "1620 Antofagasta Drive", "Atlanta", "Mississippi", 82234),
  (145, "4536 Hino Way", "Victorville", "Arkansas", 33364),
  (146, "4692 Guadalajara Loop", "Lorain", "Delaware", 06995),
  (147, "5108 Hino Avenue", "Milwaukee", "Delaware", 61046),
  (148, "6012 Ranchi Circle", "Mobile", "Delaware", 63377),
  (149, "7842 Joliet Circle", "Naperville", "Tennessee", 82648),
  (150, "7743 Halifax Lane", "Fort Lauderdale", "West Virginia", 55359);
INSERT INTO customer
(
customer_id,
first_name,
last_name,
email,
phone,
address_id
)
VALUES
  (1, "James", "Hannon", "HannonJames97@xbox.com", 7188823597, 7),
  (2, "Craig", "Oglesby", "OglesbyCraig83@github.org", 4836824732, 48),
  (3, "Raymond", "Lombardi", "LombardiRaymond53@xbox.org", 2317547856, 83),
  (4, "Erin", "Hannon", "HannonErin53@xbox.com", 8409646213, 20),
  (5, "Allison", "Grey", "GreyAllison0@utc.edu", 3629875865, 69),
  (6, "Holly", "Duggan", "DugganHolly95@statefarm.com", 9512329391, 109),
  (7, "Sharon", "Duggan", "DugganSharon69@exchange.com", 8945545699, 3),
  (8, "Sally", "Smith", "SmithSally60@statefarm.com", 9092613907, 49),
  (9, "Jean", "Cromwell", "CromwellJean61@facebook.com", 5478292607, 109),
  (10, "Leslie", "Gardiner", "GardinerLeslie2@yahoo.com", 4972252282, 16),
  (11, "Erin", "Larue", "LarueErin31@hotmail.com", 4126184761, 3),
  (12, "Erin", "Wofford", "WoffordErin38@utc.edu", 7715061440, 77),
  (13, "James", "Larue", "LarueJames79@amazon.com", 6895079302, 113),
  (14, "David", "McAlister", "McAlisterDavid64@google.com", 8034344366, 81),
  (15, "Conrad", "Cromwell", "CromwellConrad97@xbox.org", 8108390525, 81),
  (16, "Patricia", "Pitt", "PittPatricia26@github.org", 6663850217, 130),
  (17, "Craig", "Gafney", "GafneyCraig62@google.com", 6542829991, 72),
  (18, "Jean", "Gruber", "GruberJean1@gmail.com", 2744420771, 51),
  (19, "Amanada", "Gunderson", "GundersonAmanada76@exchange.com", 3674384193, 97),
  (20, "Holly", "Wofford", "WoffordHolly75@xbox.org", 7272983330, 135),
  (21, "Chris", "Hannon", "HannonChris5@blockbuster.com", 2605134950, 57),
  (22, "Sally", "McCarter", "McCarterSally64@chattstate.edu", 6365019040, 60),
  (23, "James", "Shoemaker", "ShoemakerJames30@hotmail.com", 6587077307, 9),
  (24, "Erin", "Lumpkin", "LumpkinErin56@amazon.com", 8492079446, 122),
  (25, "Craig", "Lumpkin", "LumpkinCraig16@hotmail.com", 5443393207, 130),
  (26, "Allison", "Burleson", "BurlesonAllison50@chattstate.edu", 6668843961, 71),
  (27, "Craig", "Larue", "LarueCraig1@kindle.com", 6103707616, 144),
  (28, "Roger", "Lombardi", "LombardiRoger31@chattstate.edu", 8242769525, 23),
  (29, "Scott", "Olvera", "OlveraScott92@facebook.com", 6008569050, 75),
  (30, "Joseph", "Grey", "GreyJoseph7@statefarm.com", 7882349617, 81),
  (31, "Craig", "Duggan", "DugganCraig57@blockbuster.com", 6628331728, 114),
  (32, "James", "Burleson", "BurlesonJames80@utc.edu", 5992627955, 131),
  (33, "Scott", "Olvera", "OlveraScott61@hotmail.com", 5957962493, 79),
  (34, "Alicia", "Gunderson", "GundersonAlicia15@chattstate.edu", 3557596951, 50),
  (35, "Fred", "Smith", "SmithFred83@google.com", 4883594331, 74),
  (36, "Alicia", "Gafney", "GafneyAlicia57@xbox.org", 2997211291, 61),
  (37, "Amanada", "Swanson", "SwansonAmanada18@hotmail.com", 7564091871, 124),
  (38, "Scott", "Larue", "LarueScott33@facebook.com", 5733659552, 116),
  (39, "Holly", "Shoemaker", "ShoemakerHolly35@blockbuster.com", 6006126956, 23),
  (40, "Amanada", "Smith", "SmithAmanada69@facebook.com", 9556881913, 85),
  (41, "Amanada", "Olvera", "OlveraAmanada58@hotmail.com", 6938665467, 21),
  (42, "Claire", "Cromwell", "CromwellClaire72@amazon.com", 4782155411, 149),
  (43, "Scott", "Larue", "LarueScott34@statefarm.com", 3258039093, 85),
  (44, "Raymond", "Shoemaker", "ShoemakerRaymond2@blockbuster.com", 8118486178, 121),
  (45, "Allison", "Gunderson", "GundersonAllison60@amazon.com", 8904794469, 116),
  (46, "Scott", "Olvera", "OlveraScott62@yahoo.com", 4852695298, 77),
  (47, "Holly", "Smith", "SmithHolly3@xbox.org", 6099803514, 121),
  (48, "Allison", "Gunderson", "GundersonAllison13@xbox.com", 7336386320, 46),
  (49, "Leslie", "Pitt", "PittLeslie96@facebook.com", 4227806597, 8),
  (50, "Leslie", "Oglesby", "OglesbyLeslie13@xbox.org", 6528827667, 77),
  (51, "Sharon", "Olvera", "OlveraSharon29@hotmail.com", 2334214632, 12),
  (52, "Fred", "Burleson", "BurlesonFred56@google.com", 2755673524, 128),
  (53, "Amanada", "Hannon", "HannonAmanada11@statefarm.com", 9246271029, 56),
  (54, "Chris", "Duggan", "DugganChris51@amazon.com", 5854887538, 13),
  (55, "Joseph", "Cromwell", "CromwellJoseph16@kindle.com", 9274315037, 25),
  (56, "Chris", "McAlister", "McAlisterChris18@kindle.com", 2064996287, 132),
  (57, "Jean", "Swanson", "SwansonJean90@google.com", 8812587775, 66),
  (58, "Russell", "Wofford", "WoffordRussell61@exchange.com", 7087136994, 70),
  (59, "Raymond", "Burleson", "BurlesonRaymond33@statefarm.com", 7009579181, 112),
  (60, "Sally", "Chisholm", "ChisholmSally66@exchange.com", 2328233076, 91),
  (61, "Leslie", "Gunderson", "GundersonLeslie1@utc.edu", 3505281688, 45),
  (62, "Leslie", "Lombardi", "LombardiLeslie98@statefarm.com", 7539270105, 141),
  (63, "Jean", "Eggleston", "EgglestonJean54@google.com", 9296449200, 12),
  (64, "Chris", "Swanson", "SwansonChris84@utc.edu", 2878614557, 120),
  (65, "Scott", "McAlister", "McAlisterScott89@gmail.com", 9796318625, 51),
  (66, "Sharon", "Vest", "VestSharon89@amazon.com", 8004278374, 40),
  (67, "Sally", "Shoemaker", "ShoemakerSally72@hotmail.com", 8659291469, 23),
  (68, "David", "Olvera", "OlveraDavid9@facebook.com", 2773520435, 113),
  (69, "Robert", "Cromwell", "CromwellRobert33@xbox.org", 8292931491, 25),
  (70, "Holly", "Lumpkin", "LumpkinHolly87@xbox.org", 5485262777, 49),
  (71, "Holly", "Wofford", "WoffordHolly45@kindle.com", 7267551384, 5),
  (72, "David", "McCarter", "McCarterDavid70@exchange.com", 3677165351, 115),
  (73, "Craig", "Wofford", "WoffordCraig8@github.org", 9846424208, 57),
  (74, "Jean", "Cromwell", "CromwellJean36@exchange.com", 3616795330, 60),
  (75, "Craig", "Swanson", "SwansonCraig40@hotmail.com", 6053588551, 126),
  (76, "Robert", "Gafney", "GafneyRobert57@kindle.com", 8947605319, 138),
  (77, "Amanada", "Banda", "BandaAmanada40@facebook.com", 4684994493, 138),
  (78, "Patricia", "Larue", "LaruePatricia18@amazon.com", 5675124915, 1),
  (79, "Alicia", "McCarter", "McCarterAlicia67@kindle.com", 3522600145, 57),
  (80, "Jessee", "Swanson", "SwansonJessee61@statefarm.com", 4048680997, 143),
  (81, "Erin", "Lombardi", "LombardiErin7@kindle.com", 9706335911, 34),
  (82, "Erin", "Wofford", "WoffordErin34@hotmail.com", 7754399280, 103),
  (83, "Alicia", "Shoemaker", "ShoemakerAlicia19@github.org", 8237947307, 140),
  (84, "Conrad", "Lumpkin", "LumpkinConrad35@blockbuster.com", 8154732213, 59),
  (85, "Joseph", "Burleson", "BurlesonJoseph74@amazon.com", 8586894208, 142),
  (86, "James", "McCarter", "McCarterJames5@amazon.com", 9422206274, 43),
  (87, "Joseph", "Banda", "BandaJoseph12@amazon.com", 5935568818, 7),
  (88, "Scott", "Smith", "SmithScott14@exchange.com", 9605462357, 115),
  (89, "Claire", "Gardiner", "GardinerClaire62@utc.edu", 4207184268, 14),
  (90, "Samantha", "Gafney", "GafneySamantha50@hotmail.com", 6948403870, 99),
  (91, "Samantha", "Smith", "SmithSamantha98@yahoo.com", 9973935020, 36),
  (92, "Sharon", "Wofford", "WoffordSharon48@amazon.com", 6232215665, 51),
  (93, "Jessee", "Vest", "VestJessee3@xbox.org", 9249472219, 16),
  (94, "Jean", "Larue", "LarueJean39@hotmail.com", 7624501688, 79),
  (95, "David", "McCarter", "McCarterDavid46@github.org", 4685824795, 18),
  (96, "Joseph", "Smith", "SmithJoseph58@xbox.com", 4434975319, 52),
  (97, "Allison", "Gardiner", "GardinerAllison43@google.com", 3886753697, 133),
  (98, "Chris", "Olvera", "OlveraChris90@xbox.org", 6347366787, 9),
  (99, "Scott", "Lombardi", "LombardiScott51@github.org", 4812713993, 123),
  (100, "Erin", "Chisholm", "ChisholmErin49@google.com", 5165587770, 57);
INSERT INTO order_
(
order_id,
customer_id,
address_id
)
VALUES
  (1, 55, 93),
  (2, 35, 118),
  (3, 95, 99),
  (4, 69, 122),
  (5, 88, 69),
  (6, 42, 44),
  (7, 63, 123),
  (8, 24, 94),
  (9, 11, 113),
  (10, 62, 66),
  (11, 53, 64),
  (12, 24, 106),
  (13, 50, 81),
  (14, 33, 50),
  (15, 65, 35),
  (16, 21, 27),
  (17, 23, 21),
  (18, 94, 92),
  (19, 75, 18),
  (20, 45, 73),
  (21, 85, 3),
  (22, 63, 77),
  (23, 85, 37),
  (24, 43, 18),
  (25, 89, 108),
  (26, 61, 8),
  (27, 75, 27),
  (28, 43, 106),
  (29, 57, 83),
  (30, 16, 93),
  (31, 22, 125),
  (32, 82, 59),
  (33, 16, 34),
  (34, 94, 43),
  (35, 57, 3),
  (36, 63, 63),
  (37, 83, 72),
  (38, 24, 6),
  (39, 64, 123),
  (40, 89, 118),
  (41, 20, 109),
  (42, 27, 115),
  (43, 30, 67),
  (44, 90, 75),
  (45, 56, 88),
  (46, 50, 89),
  (47, 61, 50),
  (48, 56, 92),
  (49, 59, 21),
  (50, 47, 121),
  (51, 86, 136),
  (52, 74, 84),
  (53, 16, 25),
  (54, 29, 121),
  (55, 82, 101),
  (56, 73, 64),
  (57, 67, 103),
  (58, 33, 23),
  (59, 14, 74),
  (60, 34, 59),
  (61, 34, 33),
  (62, 14, 97),
  (63, 97, 65),
  (64, 34, 115),
  (65, 67, 123),
  (66, 80, 61),
  (67, 2, 137),
  (68, 79, 132),
  (69, 4, 118),
  (70, 44, 101),
  (71, 78, 61),
  (72, 74, 135),
  (73, 98, 39),
  (74, 2, 121),
  (75, 7, 33),
  (76, 24, 47),
  (77, 83, 90),
  (78, 14, 126),
  (79, 93, 106),
  (80, 82, 25),
  (81, 60, 150),
  (82, 71, 87),
  (83, 72, 1),
  (84, 98, 54),
  (85, 53, 46),
  (86, 37, 52),
  (87, 94, 117),
  (88, 97, 32),
  (89, 31, 35),
  (90, 68, 114),
  (91, 31, 140),
  (92, 58, 101),
  (93, 84, 58),
  (94, 47, 11),
  (95, 64, 31),
  (96, 21, 43),
  (97, 46, 112),
  (98, 80, 51),
  (99, 93, 147),
  (100, 50, 26),
  (101, 44, 80),
  (102, 52, 7),
  (103, 18, 112),
  (104, 38, 107),
  (105, 2, 42),
  (106, 27, 46),
  (107, 17, 15),
  (108, 44, 110),
  (109, 21, 67),
  (110, 43, 17),
  (111, 89, 4),
  (112, 80, 128),
  (113, 19, 23),
  (114, 61, 107),
  (115, 27, 21),
  (116, 61, 63),
  (117, 33, 2),
  (118, 21, 75),
  (119, 80, 28),
  (120, 75, 30),
  (121, 91, 146),
  (122, 95, 18),
  (123, 91, 39),
  (124, 63, 41),
  (125, 74, 128),
  (126, 51, 6),
  (127, 67, 150),
  (128, 93, 42),
  (129, 21, 30),
  (130, 34, 149),
  (131, 76, 10),
  (132, 21, 100),
  (133, 70, 78),
  (134, 27, 115),
  (135, 80, 124),
  (136, 81, 71),
  (137, 62, 87),
  (138, 39, 39),
  (139, 45, 55),
  (140, 64, 35),
  (141, 28, 117),
  (142, 38, 80),
  (143, 33, 150),
  (144, 24, 10),
  (145, 77, 22),
  (146, 55, 123),
  (147, 26, 57),
  (148, 4, 122),
  (149, 5, 80),
  (150, 64, 50),
  (151, 44, 35),
  (152, 49, 86),
  (153, 94, 101),
  (154, 91, 48),
  (155, 87, 10),
  (156, 1, 3),
  (157, 43, 47),
  (158, 64, 61),
  (159, 97, 111),
  (160, 3, 21),
  (161, 23, 144),
  (162, 1, 17),
  (163, 88, 33),
  (164, 96, 71),
  (165, 17, 59),
  (166, 21, 30),
  (167, 96, 13),
  (168, 33, 124),
  (169, 50, 3),
  (170, 27, 137),
  (171, 12, 76),
  (172, 14, 14),
  (173, 74, 113),
  (174, 73, 13),
  (175, 68, 150),
  (176, 75, 19),
  (177, 100, 53),
  (178, 17, 77),
  (179, 59, 2),
  (180, 91, 22),
  (181, 46, 145),
  (182, 21, 145),
  (183, 97, 68),
  (184, 76, 17),
  (185, 3, 122),
  (186, 71, 106),
  (187, 81, 72),
  (188, 18, 45),
  (189, 82, 62),
  (190, 75, 133),
  (191, 93, 40),
  (192, 38, 133),
  (193, 83, 6),
  (194, 52, 75),
  (195, 59, 101),
  (196, 38, 41),
  (197, 71, 63),
  (198, 23, 84),
  (199, 82, 59),
  (200, 40, 78),
  (201, 4, 56),
  (202, 24, 59),
  (203, 3, 8),
  (204, 87, 99),
  (205, 74, 58),
  (206, 74, 118),
  (207, 9, 16),
  (208, 28, 149),
  (209, 31, 11),
  (210, 37, 46),
  (211, 35, 146),
  (212, 60, 52),
  (213, 52, 21),
  (214, 57, 16),
  (215, 38, 94),
  (216, 44, 67),
  (217, 47, 130),
  (218, 98, 66),
  (219, 38, 80),
  (220, 89, 103),
  (221, 65, 101),
  (222, 95, 4),
  (223, 79, 31),
  (224, 83, 134),
  (225, 68, 98),
  (226, 20, 63),
  (227, 3, 57),
  (228, 49, 140),
  (229, 6, 101),
  (230, 93, 107),
  (231, 96, 69),
  (232, 84, 38),
  (233, 16, 29),
  (234, 18, 64),
  (235, 100, 38),
  (236, 10, 6),
  (237, 49, 34),
  (238, 10, 82),
  (239, 80, 61),
  (240, 15, 121),
  (241, 98, 61),
  (242, 9, 103),
  (243, 63, 108),
  (244, 58, 66),
  (245, 23, 9),
  (246, 24, 48),
  (247, 48, 58),
  (248, 84, 104),
  (249, 47, 136),
  (250, 51, 150),
  (251, 92, 24),
  (252, 36, 131),
  (253, 21, 79),
  (254, 80, 106),
  (255, 89, 126),
  (256, 25, 91),
  (257, 85, 3),
  (258, 26, 29),
  (259, 2, 146),
  (260, 25, 126),
  (261, 74, 74),
  (262, 68, 86),
  (263, 12, 11),
  (264, 28, 149),
  (265, 8, 64),
  (266, 31, 65),
  (267, 42, 15),
  (268, 83, 59),
  (269, 82, 12),
  (270, 43, 146),
  (271, 33, 71),
  (272, 72, 62),
  (273, 53, 96),
  (274, 75, 100),
  (275, 69, 26),
  (276, 68, 149),
  (277, 48, 140),
  (278, 78, 53),
  (279, 65, 110),
  (280, 82, 133),
  (281, 35, 126),
  (282, 94, 142),
  (283, 88, 72),
  (284, 29, 108),
  (285, 96, 136),
  (286, 58, 132),
  (287, 41, 29),
  (288, 44, 146),
  (289, 12, 6),
  (290, 35, 72),
  (291, 72, 76),
  (292, 86, 82),
  (293, 70, 2),
  (294, 89, 44),
  (295, 3, 69),
  (296, 86, 62),
  (297, 65, 19),
  (298, 52, 17),
  (299, 96, 33),
  (300, 60, 88),
  (301, 41, 48),
  (302, 85, 28),
  (303, 32, 131),
  (304, 28, 78),
  (305, 17, 2),
  (306, 2, 103),
  (307, 16, 78),
  (308, 56, 19),
  (309, 2, 76),
  (310, 92, 53),
  (311, 16, 24),
  (312, 56, 6),
  (313, 57, 28),
  (314, 79, 65),
  (315, 58, 54),
  (316, 2, 139),
  (317, 67, 13),
  (318, 98, 58),
  (319, 7, 147),
  (320, 5, 13),
  (321, 34, 101),
  (322, 52, 124),
  (323, 72, 10),
  (324, 49, 27),
  (325, 61, 70),
  (326, 16, 147),
  (327, 43, 64),
  (328, 84, 103),
  (329, 8, 113),
  (330, 57, 137),
  (331, 1, 122),
  (332, 38, 54),
  (333, 74, 57),
  (334, 21, 125),
  (335, 25, 148),
  (336, 71, 12),
  (337, 92, 100),
  (338, 35, 75),
  (339, 12, 18),
  (340, 25, 2),
  (341, 37, 9),
  (342, 60, 37),
  (343, 62, 49),
  (344, 74, 102),
  (345, 74, 20),
  (346, 89, 7),
  (347, 31, 81),
  (348, 61, 37),
  (349, 27, 46),
  (350, 71, 46);
INSERT INTO product
(
product_id,
product_name,
description,
weight,
base_cost
)
VALUES
  (1, " Powder", "A Surprising  Powder in Sensitive Tan made of Alpaca useful for Downing.",  6, 436),
  (2, "Noodles - Steamed Chow Mein", "A Humble Noodles - Steamed Chow Mein in Graceful Teal made of Rayon useful for Biting.",  4, 166),
  (3, "Coffee - Decafenated", "A Energetic Coffee - Decafenated in Inquisitive Mint made of Ebony useful for Gulping.",  71, 530),
  (4, "Beer - Rickards Red", "A Whimsical Beer - Rickards Red in Humble Lemon made of Velvet useful for Savoring.",  96, 953),
  (5, "Dried Figs", "A Fearless Dried Figs in Curious Celeste made of Oak useful for Satisfying your pangs of hunger.",  75, 42),
  (6, "Soup - Campbells - Tomato", "A Quirky Soup - Campbells - Tomato in Unique Coral made of Cashmere useful for Masticating.",  62, 142),
  (7, "Daves Island Stinger", "A Jovial Daves Island Stinger in Peaceful Beige made of Oak useful for Satisfying your appetite.",  52, 553),
  (8, "Pork Loin Cutlets", "A Calm Pork Loin Cutlets in Dangerous Rust made of Silk useful for Taking sustenance.",  87, 401),
  (9, "Juice - V8", "A Unique Juice - V8 in Exciting Indigo made of Tencel useful for Tucking into some delicacies.",  51, 914),
  (10, "Cheese - Mozzarella", "A Gentle Cheese - Mozzarella in Patient Lilac made of Granite useful for Tucking in.",  69, 380),
  (11, "Muffin Orange Individual", "A Trustworthy Muffin Orange Individual in Graceful Chartreuse made of Agate useful for Sipping.",  85, 119),
  (12, " Cooking", "A Captivating  Cooking in Creative Denim made of Poplin useful for Tasting.",  94, 830),
  (13, "Pastry - Baked Cinnamon Stick", "A Unique Pastry - Baked Cinnamon Stick in Innovative Coral made of Marble useful for Tucking in.",  63, 555),
  (14, " Whole", "A Clever  Whole in Mystical Amber made of Mahogany useful for Cleaning your plate.",  21, 325),
  (15, "Appetizer - Southwestern", "A Daring Appetizer - Southwestern in Graceful Cinnabar made of Jute useful for Satisfying your taste buds.",  29, 210),
  (16, "Celery Root", "A Friendly Celery Root in Unique Rosy made of Gingham useful for Nibbling.",  97, 596),
  (17, "Beer - Sleemans Honey Brown", "A Courageous Beer - Sleemans Honey Brown in Fearless Fuchsia made of Burlap useful for Gorging.",  36, 626),
  (18, "Crab - Dungeness", "A Graceful Crab - Dungeness in Vivacious Turquoise made of Stainless steel useful for Tasting a morsel.",  65, 413),
  (19, " Chili", "A Witty  Chili in Confident Lavender made of Poplin useful for Nibbling.",  91, 167),
  (20, "Sprouts Dikon", "A Endearing Sprouts Dikon in Dangerous Khaki made of Vinyl useful for Swallowing.",  67, 680),
  (21, " Whole", "A Affectionate  Whole in Delightful Plum made of Melamine useful for Cleaning your plate.",  84, 114),
  (22, "Wine - Charddonnay Errazuriz", "A Thoughtful Wine - Charddonnay Errazuriz in Wise Lemon made of Granite useful for Having a feast.",  50, 136),
  (23, "Cheese - Brick With Onion", "A Captivating Cheese - Brick With Onion in Beautiful Maroon made of Limestone useful for Tucking in.",  22, 403),
  (24, "Cream - 35%", "A Unique Cream - 35% in Spontaneous Purple made of Fabric useful for Satisfying your culinary desires.",  63, 61),
  (25, "Cake - Night And Day Choclate", "A Beautiful Cake - Night And Day Choclate in Friendly Cobalt made of Rubber useful for Taking your daily bread.",  54, 997),
  (26, "Juice - Orange 1.89l", "A Cautious Juice - Orange 1.89l in Calm Chartreuse made of Denim useful for Satisfying your pangs of hunger.",  8, 174),
  (27, "Bread - Roll", "A Blissful Bread - Roll in Generous Amber made of Gold useful for Tasting.",  63, 676),
  (28, "Wine - Magnotta - Cab Sauv", "A Joyful Wine - Magnotta - Cab Sauv in Optimistic Ruby made of Velvet useful for Consuming.",  12, 21),
  (29, "Squid - U 5", "A Peaceful Squid - U 5 in Creative Beige made of Velour useful for Gorging.",  10, 13),
  (30, " Pelee Island", "A Insightful  Pelee Island in Playful Cinnamon made of Polyester useful for Having a bite.",  38, 833),
  (31, "Ice Cream - Chocolate", "A Graceful Ice Cream - Chocolate in Delightful Green made of Neoprene useful for Feasting.",  13, 859),
  (32, "Bok Choy - Baby", "A Serene Bok Choy - Baby in Exciting Lemon made of Mesh useful for Graze.",  76, 455),
  (33, "Island Oasis - Strawberry", "A Beautiful Island Oasis - Strawberry in Energetic Rosy made of Parquet useful for Sucking.",  42, 506),
  (34, "Gatorade - Lemon Lime", "A Mysterious Gatorade - Lemon Lime in Reliable Copper made of Ebony useful for Feasting.",  68, 299),
  (35, "Cake - Box Window 10x10x2.5", "A Colorful Cake - Box Window 10x10x2.5 in Innovative Periwinkle made of Burlap useful for Feeding.",  33, 909),
  (36, "Sole - Iqf", "A Mysterious Sole - Iqf in Graceful Mulberry made of Chrome useful for Hitting the buffet.",  20, 171),
  (37, "Piping Jelly - All Colours", "A Charming Piping Jelly - All Colours in Sensitive Mint made of Gold useful for Sampling.",  55, 977),
  (38, "Grapefruit - White", "A Inquisitive Grapefruit - White in Mesmerizing Mauve made of Silk useful for Noshing on.",  95, 168),
  (39, "Cheese - Perron Cheddar", "A Unique Cheese - Perron Cheddar in Colorful Aquamarine made of Paper useful for Hoovering up.",  35, 448),
  (40, "Onions - Cippolini", "A Delightful Onions - Cippolini in Delightful Gray made of Velvet useful for Polishing off.",  53, 771),
  (41, "Shark - Loin", "A Beautiful Shark - Loin in Confident Lemon made of Laminate useful for Relishing a dish.",  70, 410),
  (42, "Sausage - Meat", "A Spontaneous Sausage - Meat in Magnificent Silver made of Agate useful for Chugging.",  46, 185),
  (43, "Contreau", "A Colorful Contreau in Imaginative Lemon made of Polyester useful for Having a feast.",  32, 805),
  (44, "Chocolate Bar - Reese Pieces", "A Vibrant Chocolate Bar - Reese Pieces in Pensive Lilac made of Viscoelastic foam useful for Tucking away.",  73, 66),
  (45, "12", "A Clever 12 in Serene Cobalt made of Titanium useful for Filling up.",  13, 442),
  (46, "Ecolab - Orange Frc", "A Serene Ecolab - Orange Frc in Cautious Chartreuse made of Spandex useful for Tucking into some food.",  65, 637),
  (47, " Red", "A Wise  Red in Generous Orange made of Taffeta useful for Satisfying.",  5, 544),
  (48, "Turnip - Wax", "A Wise Turnip - Wax in Sad Magenta made of Chiffon useful for Enjoying a repast.",  93, 364),
  (49, "Tart Shells - Savory", "A Insightful Tart Shells - Savory in Whimsical Rosy made of Twill useful for Tasting.",  12, 66),
  (50, "Tart Shells - Sweet", "A Engaging Tart Shells - Sweet in Peaceful Cobalt made of Vinyl useful for Scoffing.",  26, 423),
  (51, "Chicken - Base", "A Generous Chicken - Base in Resilient Olive made of Rubber useful for Quenching your appetite.",  70, 610),
  (52, "Aromat Spice / Seasoning", "A Artistic Aromat Spice / Seasoning in Exuberant Aqua made of Fabric useful for Gulping down.",  22, 417),
  (53, "Wine - Harrow Estates", "A Regal Wine - Harrow Estates in Magnificent Teal made of Oak useful for Satisfying your pangs of hunger.",  20, 467),
  (54, "Grapefruit - White", "A Humble Grapefruit - White in Surprising Olive made of Melamine useful for Hoovering up.",  26, 583),
  (55, "Pepper - Red Chili", "A Mesmerizing Pepper - Red Chili in Vibrant Salmon made of Oak useful for Gobbling.",  31, 239),
  (56, " Peeled Deviened", "A Unique  Peeled Deviened in Beautiful Cinnamon made of Cardboard useful for Scoffing.",  23, 575),
  (57, "Scallops - U - 10", "A Joyful Scallops - U - 10 in Refreshing Olive made of Velour useful for Gluttonizing.",  32, 738),
  (58, "Melon - Watermelon", "A Curious Melon - Watermelon in Playful Magenta made of Alpaca useful for Sinking your fork into.",  89, 425),
  (59, "Cheese - La Sauvagine", "A Spontaneous Cheese - La Sauvagine in Dangerous Lavender made of Alpaca useful for Graze.",  91, 532),
  (60, " Fry", "A Dazzling  Fry in Generous Taupe made of Polyester useful for Sampling.",  91, 434),
  (61, "Pepper - Julienne", "A Beautiful Pepper - Julienne in Exciting Aqua made of Oak useful for Tasting some cuisine.",  79, 450),
  (62, "Macaroons - Homestyle Two Bit", "A Confident Macaroons - Homestyle Two Bit in Fearless Lilac made of Leather useful for Sinking your teeth into.",  88, 935),
  (63, "Cake - Lemon Chiffon", "A Daring Cake - Lemon Chiffon in Dangerous Purple made of Limestone useful for Chewing the cud.",  11, 544),
  (64, "Ginger - Ground", "A Wise Ginger - Ground in Regal Brown made of Brass useful for Satisfying your palate.",  96, 827),
  (65, "Coriander - Ground", "A Elegant Coriander - Ground in Determined Lavender made of Mahogany useful for Taking your daily bread.",  70, 862),
  (66, "Ice Cream Bar - Rolo Cone", "A Confident Ice Cream Bar - Rolo Cone in Thoughtful Fuchsia made of Oak useful for Having a bite.",  36, 57),
  (67, "Apricots - Dried", "A Cautious Apricots - Dried in Joyful Lilac made of Chamois useful for Consuming.",  78, 947),
  (68, "Assorted Desserts", "A Wise Assorted Desserts in Exuberant Denim made of Silk useful for Consuming.",  38, 497),
  (69, "Apple - Northern Spy", "A Imaginative Apple - Northern Spy in Fearless Terracotta made of Suede useful for Sampling.",  21, 712),
  (70, " 3 - 4 Oz", "A Tenacious  3 - 4 Oz in Energetic Celeste made of Linen useful for Hoovering up.",  92, 331),
  (71, "Iced Tea - Lemon", "A Insightful Iced Tea - Lemon in Resilient Salmon made of Nickel useful for Swallowing.",  4, 168),
  (72, "Island Oasis - Strawberry", "A Blissful Island Oasis - Strawberry in Mysterious Plum made of Asbestos useful for Quaffing.",  98, 12),
  (73, " Orange", "A Tenacious  Orange in Thoughtful Ochre made of Satin useful for Savoring.",  41, 5),
  (74, " Whole", "A Jovial  Whole in Patient Ruby made of Abaca useful for Munching.",  69, 461),
  (75, "Wine - Mondavi Coastal Private", "A Confident Wine - Mondavi Coastal Private in Joyful Caramel made of Crystal useful for Partaking in a repast.",  39, 348),
  (76, "Cornish Hen", "A Dazzling Cornish Hen in Joyful Salmon made of Brass useful for Satisfying your craving.",  15, 308),
  (77, "Wine - Saint - Bris 2002", "A Exciting Wine - Saint - Bris 2002 in Trustworthy Orchid made of Steel useful for Feeding.",  88, 709),
  (78, "Wine - Lamancha Do Crianza", "A Honest Wine - Lamancha Do Crianza in Magnificent Mint made of Oak useful for Satisfying.",  50, 209),
  (79, " Corn", "A Friendly  Corn in Jovial Teal made of Mosaic useful for Satisfying your nutritional needs.",  5, 145),
  (80, " Frenched", "A Humble  Frenched in Exciting Red made of Tencel useful for Tasting a morsel.",  58, 303),
  (81, "Beef - Rib Roast", "A Captivating Beef - Rib Roast in Resilient Marigold made of Cotton useful for Gobbling.",  83, 336),
  (82, " Black Opal Shiraz", "A Lively  Black Opal Shiraz in Unique Lilac made of Concrete useful for Tucking away.",  78, 340),
  (83, "Pastry - Apple Muffins - Mini", "A Generous Pastry - Apple Muffins - Mini in Resilient Garnet made of Tulle useful for Munching.",  44, 975),
  (84, " Yellow", "A Dazzling  Yellow in Courageous Indigo made of Jute useful for Taking sustenance.",  69, 219),
  (85, "Wine - Masi Valpolocell", "A Magnificent Wine - Masi Valpolocell in Generous Plum made of Granite useful for Biting.",  78, 560),
  (86, " Boneless", "A Confident  Boneless in Thoughtful Sand made of Lambswool useful for Gormandizing.",  90, 945),
  (87, "Devonshire Cream", "A Serene Devonshire Cream in Dangerous Tan made of Paper useful for Downing.",  25, 326),
  (88, "Tea - Green", "A Endearing Tea - Green in Graceful Pink made of Cardboard useful for Tucking into some food.",  13, 133),
  (89, "Pancetta", "A Energetic Pancetta in Daring Rosy made of Granite useful for Gobbling up.",  97, 129),
  (90, "Graham Cracker Mix", "A Patient Graham Cracker Mix in Charming Aqua made of Paper useful for Dining on.",  55, 651),
  (91, "Mushroom - Chanterelle", "A Patient Mushroom - Chanterelle in Happy Peach made of Velvet useful for Filling up.",  36, 230),
  (92, "Beans - Fava", "A Joyful Beans - Fava in Artistic Sage made of Fur useful for Savoring.",  35, 411),
  (93, "Cake - Sheet Strawberry", "A Friendly Cake - Sheet Strawberry in Alluring Yellow made of Limestone useful for Taking nourishment.",  99, 722),
  (94, "The Pop Shoppe - Root Beer", "A Tenacious The Pop Shoppe - Root Beer in Whimsical Indigo made of Veneer useful for Satisfying your appetite.",  49, 127),
  (95, "Energy Drink Red Bull", "A Playful Energy Drink Red Bull in Vibrant Gray made of Veneer useful for Enjoying a repast.",  46, 80),
  (96, "Creme De Cacao Mcguines", "A Harmonious Creme De Cacao Mcguines in Jovial Turquoise made of Twill useful for Gobbling up.",  92, 251),
  (97, "Versatainer Nc - 888", "A Surprising Versatainer Nc - 888 in Affectionate Pink made of Viscoelastic foam useful for Savoring.",  40, 827),
  (98, "Wine - Riesling Alsace Ac 2001", "A Enthusiastic Wine - Riesling Alsace Ac 2001 in Gentle Turquoise made of Rubber useful for Hoovering up.",  55, 951),
  (99, "Wine - Maipo Valle Cabernet", "A Determined Wine - Maipo Valle Cabernet in Zesty Pewter made of Asbestos useful for Savoring.",  87, 864),
  (100, " Ginger Garlic", "A Alluring  Ginger Garlic in Whimsical Brown made of Rayon useful for Downing.",  95, 79),
  (101, " Diced", "A Patient  Diced in Adventurous Crimson made of Glass useful for Munching.",  21, 720),
  (102, "Wine - Masi Valpolocell", "A Curious Wine - Masi Valpolocell in Graceful Cinnamon made of Cardboard useful for Munching on some goodies.",  99, 829),
  (103, "Veal - Kidney", "A Imaginative Veal - Kidney in Courageous Lemon made of Gingham useful for Tasting a morsel.",  85, 61),
  (104, "Jolt Cola - Electric Blue", "A Thoughtful Jolt Cola - Electric Blue in Colorful Turquoise made of Acrylic useful for Lapping.",  67, 204),
  (105, "Wine - Chateauneuf Du Pape", "A Jovial Wine - Chateauneuf Du Pape in Exciting Black made of Spandex useful for Ingesting.",  23, 570),
  (106, "Cake - French Pear Tart", "A Mystifying Cake - French Pear Tart in Generous Maroon made of Fur useful for Satisfying your appetite.",  56, 910),
  (107, "Galliano", "A Happy Galliano in Artistic Lavender made of Suede useful for Noshing on.",  89, 2),
  (108, "Eggplant - Regular", "A Unique Eggplant - Regular in Calm Aqua made of Lace useful for Satisfying your appetite.",  15, 755),
  (109, "Pork - Bones", "A Friendly Pork - Bones in Dazzling Green made of Lace useful for Digging in.",  8, 784),
  (110, "Coffee - Ristretto Coffee Capsule", "A Vivacious Coffee - Ristretto Coffee Capsule in Surprising Azure made of Vinyl useful for Quaffing.",  61, 266),
  (111, " Cooking", "A Mystical  Cooking in Fearless Taupe made of Granite useful for Tucking into a meal.",  87, 13),
  (112, " Course", "A Daring  Course in Endearing Ruby made of Lycra useful for Nourishing.",  96, 494),
  (113, "Lobster - Tail", "A Adventurous Lobster - Tail in Graceful Pewter made of Cork useful for Downing.",  42, 978),
  (114, "Sobe - Cranberry Grapefruit", "A Radiant Sobe - Cranberry Grapefruit in Playful Sepia made of Gold useful for Tasting.",  11, 921),
  (115, "Cheese - Camembert", "A Artistic Cheese - Camembert in Graceful Mulberry made of Parchment useful for Downing.",  20, 417),
  (116, "Island Oasis - Sweet And Sour Mix", "A Curious Island Oasis - Sweet And Sour Mix in Graceful Lavender made of Concrete useful for Taking nourishment.",  28, 135),
  (117, " Course", "A Jovial  Course in Tenacious Lilac made of Gold useful for Quenching your appetite.",  49, 210),
  (118, "Onions - Spanish", "A Gentle Onions - Spanish in Determined Aqua made of Concrete useful for Quenching your appetite.",  52, 137),
  (119, "Lamb - Pieces", "A Lively Lamb - Pieces in Enthusiastic Beige made of Flannel useful for Noshing.",  46, 551),
  (120, "Turkey - Whole", "A Peaceful Turkey - Whole in Captivating Brown made of Rayon useful for Sipping.",  63, 512),
  (121, " 175 Gr", "A Playful  175 Gr in Refreshing Teal made of Cotton useful for Ingesting.",  70, 830),
  (122, " 355 Ml", "A Generous  355 Ml in Vivacious Pearl made of Linen useful for Chewing the cud.",  91, 755),
  (123, " White", "A Whimsical  White in Happy Brick made of Copper useful for Quenching your appetite.",  29, 907),
  (124, "Shrimp - 100 / 200 Cold Water", "A Charming Shrimp - 100 / 200 Cold Water in Serene Terracotta made of Rayon useful for Satisfying.",  5, 277),
  (125, "Appetizer - Seafood Assortment", "A Dazzling Appetizer - Seafood Assortment in Trustworthy Brown made of Rubber useful for Sampling.",  99, 280),
  (126, "Relish", "A Humble Relish in Fearless Turquoise made of Silk useful for Partaking in a repast.",  76, 223),
  (127, "Beer - Corona", "A Daring Beer - Corona in Fierce Moss made of Parquet useful for Satisfying your craving.",  77, 270),
  (128, "Watercress", "A Resilient Watercress in Radiant Cobalt made of Polyester useful for Tasting some cuisine.",  72, 71),
  (129, "English Muffin", "A Mystical English Muffin in Charming Lemon made of Limestone useful for Gluttonizing.",  37, 277),
  (130, "Artichokes - Jerusalem", "A Determined Artichokes - Jerusalem in Clever Pewter made of Mahogany useful for Satisfying your craving.",  9, 814),
  (131, "Cake - Box Window 10x10x2.5", "A Thoughtful Cake - Box Window 10x10x2.5 in Resilient Aqua made of Paper useful for Savoring.",  43, 22),
  (132, "Soup - Cream Of Broccoli", "A Graceful Soup - Cream Of Broccoli in Sensitive Plum made of Terracotta useful for Satisfying your sweet tooth.",  16, 719),
  (133, "Scallops - U - 10", "A Beautiful Scallops - U - 10 in Resilient Walnut made of Ebony useful for Ingesting.",  27, 688),
  (134, "Oil - Olive", "A Surprising Oil - Olive in Delightful Pewter made of Flannel useful for Quenching your appetite.",  99, 325),
  (135, "Mangoes", "A Pensive Mangoes in Strong Citrine made of Veneer useful for Filling up.",  94, 220),
  (136, "Rabbit - Legs", "A Courageous Rabbit - Legs in Blissful Salmon made of Concrete useful for Digging in.",  50, 494),
  (137, "Salt And Pepper Mix - White", "A Energetic Salt And Pepper Mix - White in Mystical Beige made of Marble useful for Tucking into some delicacies.",  54, 98),
  (138, "Cookie - Oreo 100x2", "A Vivacious Cookie - Oreo 100x2 in Alluring Sepia made of Chamois useful for Gluttonizing.",  46, 544),
  (139, "Five Alive Citrus", "A Engaging Five Alive Citrus in Sensitive Coral made of Hemp useful for Tucking into some food.",  71, 56),
  (140, "Pasta - Tortellini", "A Playful Pasta - Tortellini in Gentle Charcoal made of Asbestos useful for Satisfying your taste buds.",  52, 321),
  (141, "Grapes - Red", "A Clever Grapes - Red in Honest Taupe made of Melamine useful for Quaffing.",  63, 688),
  (142, " Peeled Deviened", "A Tenacious  Peeled Deviened in Adventurous Fuchsia made of Porcelain useful for Snacking.",  9, 190),
  (143, " Cut - Up", "A Serene  Cut - Up in Charming Black made of Bamboo useful for Noshing on some treats.",  93, 996),
  (144, "Aromat Spice / Seasoning", "A Affectionate Aromat Spice / Seasoning in Exuberant Mauve made of Velvet useful for Tasting.",  88, 774),
  (145, "Bread - Rolls", "A Imaginative Bread - Rolls in Confident Taupe made of Cork useful for Graze.",  96, 384),
  (146, "Beer - Fruli", "A Playful Beer - Fruli in Serene Red made of Rubber useful for Tasting.",  85, 13),
  (147, "Cakes Assorted", "A Serene Cakes Assorted in Generous Mauve made of Silver useful for Munching.",  95, 11),
  (148, "Island Oasis - Wildberry", "A Adventurous Island Oasis - Wildberry in Inquisitive Cinnabar made of Nickel useful for Polishing off.",  87, 96),
  (149, "Capicola - Hot", "A Unique Capicola - Hot in Daring Peacock made of Velvet useful for Having a bite.",  9, 491),
  (150, "Pork - Shoulder", "A Optimistic Pork - Shoulder in Charming Celeste made of Veneer useful for Hitting the buffet.",  5, 241),
  (151, "Croissants Thaw And Serve", "A Magnificent Croissants Thaw And Serve in Dangerous Ivory made of Bamboo useful for Partaking in a repast.",  89, 498),
  (152, "Bacardi Raspberry", "A Dangerous Bacardi Raspberry in Mystifying Coral made of Ebony useful for Quenching your appetite.",  74, 284),
  (153, "Wine - Red", "A Friendly Wine - Red in Powerful Charcoal made of Chamois useful for Masticating.",  78, 661),
  (154, " Sweet", "A Alluring  Sweet in Magnificent Brick made of Corduroy useful for Noshing on.",  93, 224),
  (155, "Chicken - Base", "A Whimsical Chicken - Base in Pensive Red made of Satin useful for Stuffing.",  59, 320),
  (156, "Crackers - Soda / Saltins", "A Radiant Crackers - Soda / Saltins in Exciting Lemon made of Shearling useful for Enjoying a repast.",  15, 740),
  (157, "Muffin - Mix - Creme Brule 15l", "A Lucky Muffin - Mix - Creme Brule 15l in Innovative Teal made of Nickel useful for Gorging.",  26, 929),
  (158, " Italian", "A Vibrant  Italian in Artistic Salmon made of Polyester useful for Banqueting.",  6, 474),
  (159, "Cake - Mini Potato Pancake", "A Graceful Cake - Mini Potato Pancake in Sincere Lavender made of Taffeta useful for Tucking into some food.",  55, 103),
  (160, "Sauce - Hollandaise", "A Captivating Sauce - Hollandaise in Mysterious Celeste made of Mesh useful for Tucking into some food.",  7, 637),
  (161, "Versatainer Nc - 888", "A Gentle Versatainer Nc - 888 in Generous Coral made of Velvet useful for Digging in.",  45, 716),
  (162, "Lemonade - Black Cherry", "A Mystical Lemonade - Black Cherry in Graceful Charcoal made of Plexiglass useful for Consuming.",  92, 816),
  (163, "Chick Peas - Canned", "A Tenacious Chick Peas - Canned in Charming Topaz made of Vinyl useful for Digging in.",  10, 921),
  (164, " Dry", "A Endearing  Dry in Unique Gold made of Metal useful for Wolfing down.",  63, 537),
  (165, "Langers - Mango Nectar", "A Gentle Langers - Mango Nectar in Adventurous Silver made of Resin useful for Grazing.",  37, 705),
  (166, "Lemonade - Mandarin", "A Clever Lemonade - Mandarin in Serene Charcoal made of Velour useful for Gobbling up.",  97, 320),
  (167, "Galliano", "A Tenacious Galliano in Inquisitive Beige made of Nylon useful for Gluttonizing.",  81, 370),
  (168, "Rabbit - Whole", "A Witty Rabbit - Whole in Wise Cinnamon made of Brass useful for Satisfying.",  86, 177),
  (169, "Table Cloth 54x72 Colour", "A Vibrant Table Cloth 54x72 Colour in Delightful Lavender made of Cotton useful for Filling up.",  72, 346),
  (170, "Grapes - Black", "A Optimistic Grapes - Black in Honest Indigo made of Suede useful for Picking at.",  94, 62),
  (171, "Crab - Dungeness", "A Strong Crab - Dungeness in Joyful Charcoal made of Oak useful for Polishing off.",  17, 703),
  (172, "Soup - Campbells Pasta Fagioli", "A Curious Soup - Campbells Pasta Fagioli in Patient Aqua made of Glass useful for Sipping.",  44, 339),
  (173, "Wooden Mop Handle", "A Playful Wooden Mop Handle in Tenacious Chartreuse made of Terracotta useful for Satisfying your craving.",  99, 838),
  (174, "Currants", "A Joyful Currants in Delightful Taupe made of Melamine useful for Gulping down.",  10, 80),
  (175, "Gelatine Powder", "A Graceful Gelatine Powder in Pensive Coral made of Lambswool useful for Nourishing.",  75, 837),
  (176, "Juice - Apple", "A Cautious Juice - Apple in Patient Denim made of Sisal useful for Tucking in.",  36, 291),
  (177, " Bone - In", "A Innovative  Bone - In in Creative Pink made of Vinyl useful for Downing.",  98, 194),
  (178, " Ground", "A Captivating  Ground in Engaging Celeste made of Shearling useful for Satisfying.",  8, 339),
  (179, "Sugar - Brown", "A Sad Sugar - Brown in Curious Terracotta made of Titanium useful for Satisfying your pangs of hunger.",  72, 91),
  (180, "Cinnamon Rolls", "A Honest Cinnamon Rolls in Alluring Maroon made of Linen useful for Chugging.",  45, 599),
  (181, "Chocolate Bar - Smarties", "A Generous Chocolate Bar - Smarties in Sophisticated Marigold made of Oak useful for Biting.",  97, 562),
  (182, "Campari", "A Thoughtful Campari in Insightful Bronze made of Plexiglass useful for Tucking away.",  75, 956),
  (183, "Wine - Two Oceans Sauvignon", "A Exuberant Wine - Two Oceans Sauvignon in Charming Ochre made of Mahogany useful for Tasting.",  64, 550),
  (184, "Lamb - Ground", "A Jovial Lamb - Ground in Reliable Lemon made of Chiffon useful for Noshing on some treats.",  42, 194),
  (185, " Cap On", "A Peaceful  Cap On in Wise Khaki made of Cork useful for Gorging on.",  46, 58),
  (186, "Pepper - Green", "A Radiant Pepper - Green in Happy Crimson made of Nickel useful for Tucking into some delicacies.",  69, 685),
  (187, "Lamb - Whole Head Off", "A Graceful Lamb - Whole Head Off in Mysterious Orange made of Mosaic useful for Having a feast.",  13, 266),
  (188, " Choice", "A Unique  Choice in Reliable Mauve made of Velour useful for Downing a meal.",  40, 721),
  (189, "Buttons", "A Energetic Buttons in Captivating Plum made of Velour useful for Biting.",  20, 534),
  (190, "Cocktail Napkin Blue", "A Pensive Cocktail Napkin Blue in Friendly Sage made of Shearling useful for Sipping.",  54, 245),
  (191, "Squid - U 5", "A Thoughtful Squid - U 5 in Strong Green made of Viscoelastic foam useful for Taking sustenance.",  83, 180),
  (192, "Wine - Barbera Alba Doc 2001", "A Serene Wine - Barbera Alba Doc 2001 in Unique Taupe made of Ceramic useful for Satisfying your pangs of hunger.",  16, 686),
  (193, "Bread - Pita", "A Confident Bread - Pita in Magnificent Crimson made of Denim useful for Tucking into some food.",  53, 220),
  (194, "Pasta - Orzo", "A Lucky Pasta - Orzo in Delightful Pewter made of Bamboo useful for Tucking into some food.",  46, 853),
  (195, "Nescafe - Frothy French Vanilla", "A Graceful Nescafe - Frothy French Vanilla in Energetic Beige made of Melamine useful for Taking your daily bread.",  90, 446),
  (196, " Marechal Foch", "A Trustworthy  Marechal Foch in Mystical Aqua made of Rayon useful for Tucking in.",  48, 306),
  (197, "Mayonnaise", "A Courageous Mayonnaise in Harmonious Marigold made of Fur useful for Satisfying your appetite.",  79, 411),
  (198, "Boogies", "A Playful Boogies in Spirited Sepia made of Denim useful for Scoffing.",  80, 518),
  (199, "Eggplant - Regular", "A Happy Eggplant - Regular in Courageous Lavender made of Oak useful for Scoffing.",  48, 672),
  (200, "Mustard - Dry", "A Sad Mustard - Dry in Delightful Sand made of Wood useful for Picking at.",  11, 674),
  (201, "Bread - Sour Batard", "A Spontaneous Bread - Sour Batard in Jovial Copper made of Bamboo useful for Gulping down.",  31, 725),
  (202, "Wine - Black Tower Qr", "A Mystifying Wine - Black Tower Qr in Inquisitive Khaki made of Corduroy useful for Cleaning your plate.",  80, 484),
  (203, " Paste", "A Playful  Paste in Joyful Sage made of Parchment useful for Satisfying your appetite.",  28, 589),
  (204, "Cookies Oatmeal Raisin", "A Resilient Cookies Oatmeal Raisin in Lucky Chartreuse made of Metal useful for Snacking.",  52, 293),
  (205, "Clementine", "A Alluring Clementine in Cautious Beige made of Brass useful for Nourishing.",  90, 66),
  (206, "Bread - Focaccia Quarter", "A Thoughtful Bread - Focaccia Quarter in Sad Gold made of Corduroy useful for Nourishing.",  57, 637),
  (207, "Beans - Turtle", "A Colorful Beans - Turtle in Adventurous Yellow made of Laminate useful for Gulping.",  60, 953),
  (208, "Chocolate - Milk", "A Fierce Chocolate - Milk in Affectionate Rust made of Oak useful for Satisfying your craving.",  64, 695),
  (209, "Towel Multifold", "A Curious Towel Multifold in Exuberant Tangerine made of Rattan useful for Satisfying your taste buds.",  29, 868),
  (210, "Beans - Black Bean", "A Gentle Beans - Black Bean in Spirited Olive made of Lace useful for Quaffing.",  91, 630),
  (211, "Chambord Royal", "A Mystical Chambord Royal in Mystifying Mulberry made of Gingham useful for Sampling.",  31, 621),
  (212, "Sprouts - China Rose", "A Radiant Sprouts - China Rose in Sophisticated Slate made of Melamine useful for Sucking.",  41, 576),
  (213, "Chevril", "A Honest Chevril in Magnificent Lavender made of Rubber useful for Munching on some goodies.",  62, 903),
  (214, " Bouillon", "A Radiant  Bouillon in Imaginative Lilac made of Melamine useful for Sampling.",  92, 736),
  (215, "Bacardi Raspberry", "A Optimistic Bacardi Raspberry in Whimsical Mauve made of Plexiglass useful for Satisfying your appetite.",  62, 673),
  (216, "Wine - Magnotta - Cab Franc", "A Delightful Wine - Magnotta - Cab Franc in Dazzling Teal made of Bronze useful for Chugging.",  30, 858),
  (217, "Milk - 2%", "A Charming Milk - 2% in Innovative Crimson made of Terracotta useful for Enjoying a repast.",  30, 400),
  (218, "Beer - Alexander Kieths", "A Unique Beer - Alexander Kieths in Tenacious Ochre made of Fabric useful for Gobbling up.",  84, 224),
  (219, "Seabream Whole Farmed", "A Whimsical Seabream Whole Farmed in Alluring Cobalt made of Nickel useful for Wolfing down.",  5, 626),
  (220, "Cakes Assorted", "A Innovative Cakes Assorted in Vibrant Mauve made of Poplin useful for Gulping down.",  37, 452),
  (221, "Fish - Soup Base", "A Dangerous Fish - Soup Base in Vivacious Orange made of Plastic useful for Having a bite to eat.",  22, 345),
  (222, " Preserved", "A Zesty  Preserved in Mysterious Periwinkle made of Twill useful for Downing.",  68, 790),
  (223, "Beer - Sleemans Honey Brown", "A Adventurous Beer - Sleemans Honey Brown in Creative Ruby made of Burlap useful for Scarfing.",  49, 723),
  (224, "Beer - Molson Excel", "A Colorful Beer - Molson Excel in Dazzling Cinnabar made of Plastic useful for Gulping.",  82, 705),
  (225, "Lamb - Loin Chops", "A Artistic Lamb - Loin Chops in Blissful Violet made of Cotton useful for Sinking your teeth into.",  24, 384),
  (226, "Wanton Wrap", "A Dangerous Wanton Wrap in Curious Gray made of Hemp useful for Tucking into some delicacies.",  19, 442),
  (227, "Transfer Sheets", "A Witty Transfer Sheets in Mystical Gray made of Mosaic useful for Tucking in.",  99, 327),
  (228, "Juice - Orange 1.89l", "A Radiant Juice - Orange 1.89l in Thoughtful Red made of Oak useful for Gormandizing.",  45, 697),
  (229, "Pork - Liver", "A Peaceful Pork - Liver in Thoughtful Indigo made of Rubber useful for Satisfying.",  26, 865),
  (230, "Octopus - Baby", "A Zesty Octopus - Baby in Sincere Ochre made of Cardboard useful for Chomping.",  13, 986),
  (231, "Broom - Angled", "A Harmonious Broom - Angled in Creative Orchid made of Polyester useful for Hoovering up.",  90, 544),
  (232, "Hot Choc Vending", "A Generous Hot Choc Vending in Sophisticated Tan made of Bronze useful for Dining on.",  47, 638),
  (233, "Eggplant - Baby", "A Graceful Eggplant - Baby in Insightful Lemon made of Sisal useful for Downing a meal.",  94, 181),
  (234, "Oxtail - Cut", "A Zesty Oxtail - Cut in Serene Pearl made of Granite useful for Satisfying your palate.",  68, 28),
  (235, "Rabbit - Whole", "A Refreshing Rabbit - Whole in Graceful Marigold made of Stainless steel useful for Tucking in.",  88, 325),
  (236, "Beef - Outside", "A Pensive Beef - Outside in Spirited Indigo made of Abaca useful for Partaking.",  54, 56),
  (237, "Versatainer Nc - 8288", "A Whimsical Versatainer Nc - 8288 in Dangerous Ruby made of Poplin useful for Masticating.",  43, 954),
  (238, "Lobster - Tail", "A Affectionate Lobster - Tail in Radiant Mint made of Melamine useful for Tasting a morsel.",  34, 532),
  (239, "Trout - Rainbow", "A Playful Trout - Rainbow in Daring Plum made of Taffeta useful for Satisfying.",  87, 842),
  (240, "Icecream - Dstk Strw Chseck", "A Endearing Icecream - Dstk Strw Chseck in Captivating Mulberry made of Burlap useful for Munching on some goodies.",  93, 58),
  (241, "Herb Du Provence - Primerba", "A Patient Herb Du Provence - Primerba in Clever Cyan made of Jute useful for Chomping.",  63, 787),
  (242, "Plasticspoonblack", "A Inquisitive Plasticspoonblack in Graceful Aquamarine made of Suede useful for Wolfing down.",  84, 156),
  (243, "Beef Ground Medium", "A Engaging Beef Ground Medium in Courageous Mint made of Lambswool useful for Taking nourishment.",  76, 185),
  (244, " Pelee Island", "A Friendly  Pelee Island in Exciting Cyan made of Satin useful for Hitting the buffet.",  31, 272),
  (245, "Ecolab - Hobart Upr Prewash Arm", "A Courageous Ecolab - Hobart Upr Prewash Arm in Charming Charcoal made of Rattan useful for Chomping.",  10, 405),
  (246, "Pie Pecan", "A Enthusiastic Pie Pecan in Optimistic Chartreuse made of Burlap useful for Quaffing.",  82, 510),
  (247, "Pineapple - Golden", "A Lively Pineapple - Golden in Exciting Cinnamon made of Parchment useful for Quenching your appetite.",  70, 332),
  (248, "Flour - Bran", "A Curious Flour - Bran in Honest Garnet made of Fabric useful for Swallowing.",  32, 947),
  (249, "Cakes Assorted", "A Dazzling Cakes Assorted in Unique Pink made of Velour useful for Graze.",  36, 463),
  (250, "Rice - Long Grain", "A Vibrant Rice - Long Grain in Peaceful Violet made of Rattan useful for Gulping down.",  3, 152),
  (251, "Pepper Squash", "A Delightful Pepper Squash in Dangerous Gold made of Jute useful for Tucking into some food.",  74, 612),
  (252, "Nacho Chips", "A Dazzling Nacho Chips in Sensitive Teal made of Lace useful for Enjoying a meal.",  52, 904),
  (253, "Longos - Grilled Veg Sandwiches", "A Mystifying Longos - Grilled Veg Sandwiches in Unique Taupe made of Suede useful for Tucking into some food.",  38, 811),
  (254, "Curry Paste - Madras", "A Confident Curry Paste - Madras in Inquisitive Lemon made of Cashmere useful for Munching.",  13, 265),
  (255, "Squash - Guords", "A Harmonious Squash - Guords in Spontaneous Topaz made of Cork useful for Chowing down.",  63, 168),
  (256, "Lettuce - Lambs Mash", "A Trustworthy Lettuce - Lambs Mash in Calm Mulberry made of Polyester useful for Satisfying your taste buds.",  89, 434),
  (257, "Pastry - Choclate Baked", "A Patient Pastry - Choclate Baked in Determined Pearl made of Rattan useful for Gobbling.",  28, 179),
  (258, "Sesame Seed Black", "A Imaginative Sesame Seed Black in Insightful Lavender made of Flannel useful for Picking at.",  63, 498),
  (259, "Veal - Loin", "A Vibrant Veal - Loin in Joyful Indigo made of Denim useful for Lapping.",  17, 308),
  (260, "Hot Choc Vending", "A Harmonious Hot Choc Vending in Delightful Ruby made of Laminate useful for Gobbling up.",  48, 859),
  (261, "Pasta - Penne", "A Delightful Pasta - Penne in Optimistic Peach made of Cardboard useful for Ingesting.",  47, 875),
  (262, "Tart Shells - Savory", "A Lively Tart Shells - Savory in Playful Lilac made of Tencel useful for Downing.",  50, 172),
  (263, "Lamb - Pieces", "A Courageous Lamb - Pieces in Dangerous Mahogany made of Lambswool useful for Noshing.",  92, 512),
  (264, " Bouillion", "A Delightful  Bouillion in Daring Ivory made of Lace useful for Polishing off.",  61, 962),
  (265, "Sauce - Vodka Blush", "A Strong Sauce - Vodka Blush in Lively Salmon made of Rubber useful for Tasting.",  50, 309),
  (266, "Coriander - Ground", "A Dangerous Coriander - Ground in Surprising Pewter made of Gold useful for Taking nourishment.",  14, 276),
  (267, "Garbag Bags - Black", "A Vibrant Garbag Bags - Black in Courageous Aquamarine made of Acrylic useful for Lapping.",  13, 391),
  (268, "Nut - Pistachio", "A Generous Nut - Pistachio in Graceful Charcoal made of Ceramic useful for Tasting some cuisine.",  7, 199),
  (269, "Bag Clear 10 Lb", "A Playful Bag Clear 10 Lb in Playful Salmon made of Lace useful for Nibbling.",  80, 21),
  (270, "Macaroons - Homestyle Two Bit", "A Sensitive Macaroons - Homestyle Two Bit in Daring Maroon made of Paper useful for Noshing on some treats.",  68, 2),
  (271, "Truffle - Whole Black Peeled", "A Sensitive Truffle - Whole Black Peeled in Adventurous Indigo made of Steel useful for Quenching your appetite.",  49, 208),
  (272, "Oil - Shortening", "A Delightful Oil - Shortening in Generous Green made of Cork useful for Devouring.",  73, 433),
  (273, "Carrots - Mini Red Organic", "A Resilient Carrots - Mini Red Organic in Friendly Walnut made of Neoprene useful for Wolfing down.",  64, 63),
  (274, "Cocktail Napkin Blue", "A Sophisticated Cocktail Napkin Blue in Harmonious Mustard made of Corduroy useful for Noshing on.",  88, 813),
  (275, " Minestrone", "A Delightful  Minestrone in Spontaneous Celeste made of Twill useful for Satisfying your nutritional needs.",  100, 59),
  (276, "Bouillion - Fish", "A Artistic Bouillion - Fish in Sensitive Brown made of Lycra useful for Savoring.",  18, 656),
  (277, "Pastrami", "A Tenacious Pastrami in Playful Aquamarine made of Oak useful for Munching.",  78, 551),
  (278, "Lemonade - Black Cherry", "A Lively Lemonade - Black Cherry in Graceful Lilac made of Lycra useful for Biting.",  43, 390),
  (279, "Beef - Top Butt Aaa", "A Generous Beef - Top Butt Aaa in Zesty Cobalt made of Parquet useful for Having a bite.",  76, 663),
  (280, "Oil - Olive", "A Lively Oil - Olive in Engaging Tangerine made of Marble useful for Chowing down.",  69, 445),
  (281, "Sugar - Brown", "A Humble Sugar - Brown in Playful Violet made of Concrete useful for Sucking.",  48, 982),
  (282, "Salt And Pepper Mix - White", "A Unique Salt And Pepper Mix - White in Honest Mulberry made of Fur useful for Downing a meal.",  57, 924),
  (283, "Lemonade - Mandarin", "A Happy Lemonade - Mandarin in Spirited Maroon made of Concrete useful for Sipping.",  50, 973),
  (284, "Soup - Campbells Pasta Fagioli", "A Zesty Soup - Campbells Pasta Fagioli in Vibrant Charcoal made of Flannel useful for Tucking into a meal.",  1, 827),
  (285, "Pasta - Lasagna", "A Sad Pasta - Lasagna in Curious Olive made of Granite useful for Satisfying your stomach.",  56, 732),
  (286, "Wine - Magnotta - Pinot Gris Sr", "A Unique Wine - Magnotta - Pinot Gris Sr in Colorful Tan made of Sisal useful for Gorging on.",  52, 840),
  (287, "Ice Cream Bar - Drumstick", "A Happy Ice Cream Bar - Drumstick in Artistic Orchid made of Felt useful for Having a bite to eat.",  3, 234),
  (288, "Flower - Carnations", "A Sincere Flower - Carnations in Artistic Salmon made of Satin useful for Having a snack.",  11, 690),
  (289, "Pepper - Jalapeno", "A Zesty Pepper - Jalapeno in Dazzling Topaz made of Burlap useful for Grazing.",  25, 104),
  (290, "Trout - Rainbow", "A Insightful Trout - Rainbow in Curious Gold made of Marble useful for Savoring.",  44, 560),
  (291, "Kiwano", "A Mystifying Kiwano in Clever Orange made of Brass useful for Relishing a dish.",  53, 930),
  (292, "Beans - Fava", "A Whimsical Beans - Fava in Mysterious Bronze made of Copper useful for Taking your daily bread.",  61, 749),
  (293, "Sage - Ground", "A Dazzling Sage - Ground in Cautious Lavender made of Corduroy useful for Sampling.",  81, 852),
  (294, " Absolut", "A Courageous  Absolut in Sad Lilac made of Nickel useful for Having a bite.",  9, 600),
  (295, "External Supplier", "A Refreshing External Supplier in Generous Olive made of Velvet useful for Graze.",  57, 808),
  (296, "Turkey - Whole", "A Sincere Turkey - Whole in Honest Periwinkle made of Lycra useful for Sipping.",  89, 345),
  (297, "Soup - French Onion", "A Fierce Soup - French Onion in Sophisticated Denim made of Fur useful for Munching.",  24, 955),
  (298, "Coffee Beans - Chocolate", "A Whimsical Coffee Beans - Chocolate in Resilient Turquoise made of Ebony useful for Chomping.",  62, 616),
  (299, "Bread - Hot Dog Buns", "A Generous Bread - Hot Dog Buns in Courageous Tangerine made of Velvet useful for Chugging.",  23, 352),
  (300, "Pumpkin", "A Joyful Pumpkin in Charming Lavender made of Mahogany useful for Taking sustenance.",  100, 551),
  (301, "Sauce - Vodka Blush", "A Dangerous Sauce - Vodka Blush in Sensitive Mulberry made of Jute useful for Tucking into a meal.",  14, 471),
  (302, " Paste", "A Generous  Paste in Witty Lavender made of Porcelain useful for Gorging on.",  30, 942),
  (303, "Juice - Clam", "A Refreshing Juice - Clam in Resilient Terracotta made of Chamois useful for Noshing on some treats.",  16, 335),
  (304, "Pail - 4l White", "A Elegant Pail - 4l White in Alluring Lemon made of Velvet useful for Banqueting.",  81, 986),
  (305, "Yogurt - Banana", "A Whimsical Yogurt - Banana in Affectionate Azure made of Copper useful for Taking a nibble.",  83, 265),
  (306, "Sauce - Vodka Blush", "A Playful Sauce - Vodka Blush in Spontaneous Orchid made of Tweed useful for Sipping.",  3, 464),
  (307, "Bread - Pita", "A Serene Bread - Pita in Dazzling Teal made of Poplin useful for Ingesting.",  22, 382),
  (308, "Plate - Foam", "A Endearing Plate - Foam in Humble Ivory made of Jute useful for Tasting some cuisine.",  76, 235),
  (309, "Tomatoes - Cherry", "A Friendly Tomatoes - Cherry in Joyful Plum made of Cork useful for Grazing.",  85, 954),
  (310, "Bread - Roll", "A Charming Bread - Roll in Cautious Charcoal made of Poplin useful for Chowing down.",  48, 448),
  (311, "Bagelers - Cinn / Brown Sugar", "A Cautious Bagelers - Cinn / Brown Sugar in Joyful Periwinkle made of Denim useful for Digging in.",  45, 440),
  (312, "Wine - Zinfandel Rosenblum", "A Thoughtful Wine - Zinfandel Rosenblum in Dangerous White made of Viscoelastic foam useful for Downing.",  29, 593),
  (313, "Lid - 10", "A Engaging Lid - 10 in Humble Sage made of Shearling useful for Noshing.",  21, 986),
  (314, "Veal - Loin", "A Lucky Veal - Loin in Courageous Cinnabar made of Bamboo useful for Banqueting.",  27, 352),
  (315, "Dill - Primerba", "A Captivating Dill - Primerba in Affectionate Topaz made of Nylon useful for Satisfying your culinary desires.",  68, 996),
  (316, "Cheese - Brick With Pepper", "A Mysterious Cheese - Brick With Pepper in Graceful Indigo made of Linen useful for Munching.",  62, 284),
  (317, "Quail - Whole", "A Patient Quail - Whole in Fearless Turquoise made of Cotton useful for Having a bite to eat.",  95, 160),
  (318, "Galliano", "A Harmonious Galliano in Regal Rosy made of Gingham useful for Hoovering.",  82, 802),
  (319, " Cap On", "A Whimsical  Cap On in Refreshing Crimson made of Twill useful for Relishing a dish.",  74, 178),
  (320, "Napkin - Beverge", "A Charming Napkin - Beverge in Exciting Marigold made of Burlap useful for Having a feast.",  62, 388),
  (321, " Cold Smoked", "A Sophisticated  Cold Smoked in Spirited Yellow made of Nickel useful for Gorging.",  83, 970),
  (322, "Sherbet - Raspberry", "A Creative Sherbet - Raspberry in Lucky Ruby made of Plexiglass useful for Noshing.",  55, 659),
  (323, "Pear - Halves", "A Elegant Pear - Halves in Determined Cobalt made of Denim useful for Sinking your fork into.",  16, 622),
  (324, "Curry Paste - Madras", "A Daring Curry Paste - Madras in Unique Lavender made of Porcelain useful for Partaking.",  71, 344),
  (325, "Wine - Magnotta - Pinot Gris Sr", "A Optimistic Wine - Magnotta - Pinot Gris Sr in Sad Cinnamon made of Mosaic useful for Quaffing.",  38, 820),
  (326, "Cookies - Englishbay Chochip", "A Graceful Cookies - Englishbay Chochip in Honest Mahogany made of Lace useful for Tucking into a meal.",  34, 576),
  (327, "Coffee - Ristretto Coffee Capsule", "A Sincere Coffee - Ristretto Coffee Capsule in Affectionate Mauve made of Rattan useful for Savoring.",  83, 682),
  (328, "Appetizer - Asian Shrimp Roll", "A Cautious Appetizer - Asian Shrimp Roll in Courageous Coral made of Rayon useful for Nibbling at.",  4, 455),
  (329, " Dry", "A Refreshing  Dry in Delightful Olive made of Wicker useful for Grazing.",  70, 33),
  (330, " Gewurtzraminer", "A Mesmerizing  Gewurtzraminer in Happy Indigo made of Parquet useful for Tucking away.",  54, 443),
  (331, " Lisce", "A Confident  Lisce in Resilient Turquoise made of Velvet useful for Slicking.",  68, 496),
  (332, "Berry Brulee", "A Resilient Berry Brulee in Vivacious Black made of Chiffon useful for Having a snack.",  87, 480),
  (333, "Dried Cherries", "A Courageous Dried Cherries in Witty Sepia made of Titanium useful for Tucking into some food.",  38, 197),
  (334, "Beer - Blue Light", "A Elegant Beer - Blue Light in Exciting Gold made of Suede useful for Swallowing.",  87, 915),
  (335, "Cream - 35%", "A Strong Cream - 35% in Charming Black made of Plastic useful for Chomping.",  26, 259),
  (336, "Pork - Shoulder", "A Imaginative Pork - Shoulder in Peaceful Lemon made of Sequin useful for Dining.",  92, 607),
  (337, "Pepper - Black", "A Delightful Pepper - Black in Captivating Lavender made of Resin useful for Chugging.",  27, 684),
  (338, " Boneless", "A Surprising  Boneless in Lively Azure made of Steel useful for Biting.",  82, 165),
  (339, "Bread Crumbs - Panko", "A Colorful Bread Crumbs - Panko in Adventurous Violet made of Concrete useful for Tucking into a meal.",  9, 270),
  (340, "Coffee - Frthy Coffee Crisp", "A Honest Coffee - Frthy Coffee Crisp in Spontaneous Cinnabar made of Paper useful for Sinking your fork into.",  96, 476),
  (341, "Foie Gras", "A Reliable Foie Gras in Spirited Sand made of Lace useful for Chewing the cud.",  55, 526),
  (342, "Cattail Hearts", "A Fierce Cattail Hearts in Inquisitive Maroon made of Rayon useful for Hoovering.",  79, 312),
  (343, "Chevril", "A Fierce Chevril in Imaginative Moss made of Silk useful for Nibbling.",  55, 563),
  (344, "Flour Dark Rye", "A Trustworthy Flour Dark Rye in Creative Beige made of Oak useful for Satisfying your sweet tooth.",  45, 377),
  (345, "Wine - Magnotta - Belpaese", "A Harmonious Wine - Magnotta - Belpaese in Artistic Celeste made of Chamois useful for Tucking away.",  67, 139),
  (346, "Oil - Avocado", "A Honest Oil - Avocado in Elegant Lemon made of Felt useful for Hoovering.",  47, 240),
  (347, " live", "A Energetic  live in Lively Khaki made of Linen useful for Enjoying a meal.",  85, 372),
  (348, "Wine - Magnotta - Pinot Gris Sr", "A Patient Wine - Magnotta - Pinot Gris Sr in Fearless Purple made of Suede useful for Tucking into a meal.",  17, 335),
  (349, "Grenadillo", "A Innovative Grenadillo in Determined Celeste made of Crystal useful for Noshing on some treats.",  18, 106),
  (350, "Hot Choc Vending", "A Generous Hot Choc Vending in Whimsical Beige made of Corduroy useful for Satisfying your hunger.",  79, 982),
  (351, "Beef Cheek Fresh", "A Regal Beef Cheek Fresh in Exciting Copper made of Fabric useful for Tasting.",  23, 628),
  (352, " Bone - In", "A Fearless  Bone - In in Innovative Aquamarine made of Steel useful for Filling up.",  1, 913),
  (353, " Italian", "A Lively  Italian in Unique Olive made of Veneer useful for Banqueting.",  78, 739),
  (354, "Ecolab - Orange Frc", "A Honest Ecolab - Orange Frc in Resilient Lemon made of Rayon useful for Taking your daily bread.",  24, 535),
  (355, "Island Oasis - Lemonade", "A Vibrant Island Oasis - Lemonade in Happy Coral made of Metal useful for Satisfying your sweet tooth.",  42, 150),
  (356, " Canned", "A Thoughtful  Canned in Delightful Blue made of Tulle useful for Consuming.",  26, 469),
  (357, "Sausage - Blood Pudding", "A Peaceful Sausage - Blood Pudding in Sincere Beige made of Paper useful for Munching on some goodies.",  72, 973),
  (358, "Salt - Rock", "A Spirited Salt - Rock in Engaging Teal made of Gold useful for Sipping.",  43, 193),
  (359, "Veal - Striploin", "A Graceful Veal - Striploin in Serene Sand made of Terracotta useful for Gorging.",  53, 223),
  (360, "Table Cloth 54x72 Colour", "A Charming Table Cloth 54x72 Colour in Elegant Rosy made of Mesh useful for Chugging.",  84, 378),
  (361, "Bread Sour Rolls", "A Wise Bread Sour Rolls in Blissful Maroon made of Rubber useful for Noshing on some treats.",  21, 104),
  (362, " live", "A Playful  live in Vibrant Lilac made of Bronze useful for Tasting a morsel.",  70, 996),
  (363, "Ham - Cooked Italian", "A Charming Ham - Cooked Italian in Fearless Lavender made of Silver useful for Noshing.",  47, 465),
  (364, "Campari", "A Mesmerizing Campari in Sad Aqua made of Parquet useful for Tucking into a meal.",  58, 896),
  (365, " Clear 5 Oz", "A Whimsical  Clear 5 Oz in Joyful Caramel made of Rattan useful for Savoring.",  76, 651),
  (366, "Wine - Chianti Classico Riserva", "A Serene Wine - Chianti Classico Riserva in Magnificent Orchid made of Fur useful for Downing.",  32, 606),
  (367, "Cheese - La Sauvagine", "A Regal Cheese - La Sauvagine in Quirky Plum made of Lycra useful for Lapping.",  81, 50),
  (368, "Ham - Cooked", "A Vibrant Ham - Cooked in Harmonious Walnut made of Velvet useful for Feasting.",  22, 240),
  (369, "Flavouring - Rum", "A Honest Flavouring - Rum in Vibrant Coral made of Parquet useful for Supping.",  21, 478),
  (370, " Merlot", "A Mesmerizing  Merlot in Resilient White made of Ceramic useful for Gulping.",  2, 396),
  (371, " Vidal", "A Vivacious  Vidal in Spontaneous Celeste made of Nickel useful for Relishing a dish.",  20, 515),
  (372, " Seedless", "A Honest  Seedless in Graceful Aqua made of Parchment useful for Partaking.",  3, 663),
  (373, "Muffin - Mix - Strawberry Rhubarb", "A Witty Muffin - Mix - Strawberry Rhubarb in Curious Crimson made of Lace useful for Biting.",  73, 723),
  (374, " Dry", "A Clever  Dry in Daring Mustard made of Plastic useful for Munching.",  90, 141),
  (375, "English Muffin", "A Peaceful English Muffin in Happy Mahogany made of Acrylic useful for Biting.",  64, 202),
  (376, "Bread - Mini Hamburger Bun", "A Jovial Bread - Mini Hamburger Bun in Enthusiastic Turquoise made of Paper useful for Masticating.",  77, 976),
  (377, " Fleischman", "A Engaging  Fleischman in Spirited Taupe made of Abaca useful for Having a feast.",  89, 849),
  (378, "Aspic - Light", "A Insightful Aspic - Light in Sincere Teal made of Gold useful for Cleaning your plate.",  65, 535),
  (379, "Gatorade - Lemon Lime", "A Radiant Gatorade - Lemon Lime in Artistic Coral made of Mosaic useful for Tucking into some food.",  63, 14),
  (380, "Sprouts - China Rose", "A Creative Sprouts - China Rose in Honest Orchid made of Acrylic useful for Partaking.",  37, 863),
  (381, "Daves Island Stinger", "A Thoughtful Daves Island Stinger in Radiant Cobalt made of Gingham useful for Satisfying your palate.",  82, 186),
  (382, "Pectin", "A Radiant Pectin in Exuberant Teal made of Ceramic useful for Tasting.",  11, 554),
  (383, "Lemonade - Black Cherry", "A Honest Lemonade - Black Cherry in Inquisitive Magenta made of Mesh useful for Tucking away.",  5, 750),
  (384, "Clementine", "A Graceful Clementine in Blissful Aqua made of Stainless steel useful for Gluttonizing.",  88, 202),
  (385, "Vodka - Lemon", "A Magnificent Vodka - Lemon in Delightful Orange made of Velour useful for Filling up.",  97, 776),
  (386, "Magnotta Bel Paese Red", "A Friendly Magnotta Bel Paese Red in Patient Coral made of Leather useful for Picking at.",  41, 762),
  (387, "Bagel - 12 Grain Preslice", "A Alluring Bagel - 12 Grain Preslice in Graceful Bronze made of Nickel useful for Feasting.",  54, 27),
  (388, " Preserved", "A Jovial  Preserved in Refreshing Red made of Veneer useful for Quaffing.",  78, 77),
  (389, "Mortadella", "A Mysterious Mortadella in Honest Brown made of Ceramic useful for Dining.",  51, 888),
  (390, "Chambord Royal", "A Quirky Chambord Royal in Creative Lemon made of Terracotta useful for Tucking away.",  19, 861),
  (391, "Muffin Carrot - Individual", "A Creative Muffin Carrot - Individual in Whimsical Orchid made of Polyester useful for Polishing off.",  7, 93),
  (392, "Pail - 4l White", "A Sincere Pail - 4l White in Mysterious Slate made of Jute useful for Partaking in a repast.",  2, 412),
  (393, "Magnotta Bel Paese Red", "A Courageous Magnotta Bel Paese Red in Zesty Lilac made of Brass useful for Hitting the buffet.",  14, 378),
  (394, "Wine - Sogrape Mateus Rose", "A Resilient Wine - Sogrape Mateus Rose in Reliable Ochre made of Ceramic useful for Sucking.",  33, 105),
  (395, "Ice Cream Bar - Rolo Cone", "A Affectionate Ice Cream Bar - Rolo Cone in Artistic Maroon made of Leather useful for Taking a bite out of.",  32, 174),
  (396, "Syrup - Kahlua Chocolate", "A Charming Syrup - Kahlua Chocolate in Sensitive Aquamarine made of Cardboard useful for Savoring.",  64, 290),
  (397, "Plasticspoonblack", "A Spontaneous Plasticspoonblack in Playful Copper made of Bamboo useful for Feasting.",  92, 56),
  (398, "Wine - Magnotta - Cab Sauv", "A Artistic Wine - Magnotta - Cab Sauv in Joyful Aqua made of Velvet useful for Satisfying your pangs of hunger.",  83, 642),
  (399, "Sprouts - Alfalfa", "A Jovial Sprouts - Alfalfa in Friendly Mint made of Mesh useful for Partaking.",  70, 910),
  (400, "Muffin Mix - Blueberry", "A Whimsical Muffin Mix - Blueberry in Sincere Orchid made of Marble useful for Filling up.",  65, 238),
  (401, "Lobster - Canned Premium", "A Charming Lobster - Canned Premium in Sensitive Sage made of Linen useful for Sucking.",  80, 203),
  (402, "Ice Cream Bar - Rolo Cone", "A Thoughtful Ice Cream Bar - Rolo Cone in Playful Marigold made of Melamine useful for Noshing on some treats.",  10, 682),
  (403, "Aspic - Light", "A Daring Aspic - Light in Imaginative Silver made of Cork useful for Savoring.",  93, 902),
  (404, "Sprouts Dikon", "A Curious Sprouts Dikon in Vibrant Cobalt made of Suede useful for Chugging.",  18, 819),
  (405, " Canned", "A Courageous  Canned in Quirky Silver made of Felt useful for Taking nourishment.",  94, 352),
  (406, "Split Peas - Green", "A Joyful Split Peas - Green in Exuberant Beige made of Oak useful for Chugging.",  53, 734),
  (407, "Mountain Dew", "A Playful Mountain Dew in Daring Salmon made of Cotton useful for Partaking in a repast.",  3, 141),
  (408, "Icecream Bar - Del Monte", "A Surprising Icecream Bar - Del Monte in Surprising Peacock made of Asbestos useful for Quaffing.",  52, 116),
  (409, " Pale Ale", "A Enthusiastic  Pale Ale in Vivacious Lilac made of Corduroy useful for Snacking.",  88, 119),
  (410, "Muffin Hinge - 211n", "A Enthusiastic Muffin Hinge - 211n in Friendly Mulberry made of Mosaic useful for Hitting the buffet.",  43, 805),
  (411, "Nut - Pistachio", "A Mesmerizing Nut - Pistachio in Blissful Bronze made of Sisal useful for Devouring.",  83, 460),
  (412, "Grenadillo", "A Confident Grenadillo in Vibrant Denim made of Oak useful for Tasting.",  23, 3),
  (413, "Ham - Cooked Italian", "A Artistic Ham - Cooked Italian in Whimsical Blue made of Mosaic useful for Partaking.",  35, 379),
  (414, "Ham Black Forest", "A Innovative Ham Black Forest in Patient White made of Spandex useful for Taking sustenance.",  10, 856),
  (415, "Pork - Bacon Cooked Slcd", "A Radiant Pork - Bacon Cooked Slcd in Dangerous Pewter made of Lambswool useful for Scoffing.",  73, 162),
  (416, "Lemonade - Island Tea", "A Resilient Lemonade - Island Tea in Captivating Mauve made of Abaca useful for Chugging.",  67, 968),
  (417, "Muffin Mix - Carrot", "A Unique Muffin Mix - Carrot in Peaceful Cyan made of Chamois useful for Having a snack.",  76, 3),
  (418, "Cheese - Brick With Pepper", "A Charming Cheese - Brick With Pepper in Calm Brick made of Leather useful for Munching on some goodies.",  87, 146),
  (419, " Dry", "A Radiant  Dry in Beautiful Copper made of Linen useful for Chowing down.",  3, 748),
  (420, "Island Oasis - Sweet And Sour Mix", "A Graceful Island Oasis - Sweet And Sour Mix in Determined Topaz made of Abaca useful for Munching on some goodies.",  90, 719),
  (421, "Wine - Magnotta - Belpaese", "A Thoughtful Wine - Magnotta - Belpaese in Optimistic Lavender made of Concrete useful for Slurping.",  53, 979),
  (422, "Lobak", "A Dangerous Lobak in Whimsical Celadon made of Brass useful for Banqueting.",  68, 281),
  (423, "Wine La Vielle Ferme Cote Du", "A Generous Wine La Vielle Ferme Cote Du in Creative Orchid made of Steel useful for Munching.",  42, 269),
  (424, " Individual", "A Whimsical  Individual in Courageous Sage made of Concrete useful for Hoovering up.",  6, 915),
  (425, "Pastry - Baked Cinnamon Stick", "A Determined Pastry - Baked Cinnamon Stick in Exuberant Teal made of Tweed useful for Picking at.",  52, 403),
  (426, "Sausage - Andouille", "A Optimistic Sausage - Andouille in Vivacious Taupe made of Mahogany useful for Tasting some cuisine.",  77, 665),
  (427, "Magnotta Bel Paese Red", "A Regal Magnotta Bel Paese Red in Generous Pearl made of Abaca useful for Munching.",  88, 407),
  (428, "Thyme - Fresh", "A Colorful Thyme - Fresh in Exuberant Copper made of Sisal useful for Slicking.",  5, 528),
  (429, "Nut - Pumpkin Seeds", "A Colorful Nut - Pumpkin Seeds in Captivating Garnet made of Sisal useful for Devouring.",  70, 534),
  (430, "Milkettes - 2%", "A Witty Milkettes - 2% in Inquisitive Chartreuse made of Porcelain useful for Tasting.",  49, 440),
  (431, "Aspic - Clear", "A Insightful Aspic - Clear in Strong Violet made of Mesh useful for Tasting a morsel.",  34, 183),
  (432, "Clementine", "A Beautiful Clementine in Vibrant Crimson made of Crystal useful for Nourishing.",  69, 696),
  (433, " Diet - 355ml", "A Graceful  Diet - 355ml in Generous Green made of Parquet useful for Snacking.",  80, 165),
  (434, " Fresh", "A Whimsical  Fresh in Quirky Cyan made of Denim useful for Tasting a morsel.",  4, 459),
  (435, "Grapefruit - White", "A Spontaneous Grapefruit - White in Spontaneous Bronze made of Sisal useful for Enjoying a meal.",  85, 241),
  (436, "Wine - Peller Estates Late", "A Thoughtful Wine - Peller Estates Late in Vibrant Mauve made of Fabric useful for Satisfying your sweet tooth.",  65, 498),
  (437, "Onions - Cippolini", "A Gentle Onions - Cippolini in Delightful Indigo made of Vinyl useful for Savoring.",  74, 883),
  (438, " Calets", "A Unique  Calets in Reliable Mauve made of Alpaca useful for Supping.",  70, 586),
  (439, "Hot Choc Vending", "A Mysterious Hot Choc Vending in Pensive Topaz made of Burlap useful for Satisfying your stomach.",  25, 390),
  (440, "Bread - Wheat Baguette", "A Exciting Bread - Wheat Baguette in Playful Pewter made of Rubber useful for Having a bite.",  58, 572),
  (441, "Lettuce - Belgian Endive", "A Charming Lettuce - Belgian Endive in Playful Denim made of Veneer useful for Noshing on some treats.",  6, 750),
  (442, " Ground", "A Peaceful  Ground in Radiant Gray made of Tencel useful for Nibbling.",  23, 281),
  (443, "Lamb - Pieces", "A Strong Lamb - Pieces in Honest Lemon made of Laminate useful for Chowing down.",  32, 721),
  (444, " Mc Guiness", "A Sad  Mc Guiness in Surprising Ochre made of Ceramic useful for Hoovering up.",  3, 674),
  (445, "Truffle Cups Green", "A Unique Truffle Cups Green in Courageous Citrine made of Silk useful for Satisfying.",  42, 316),
  (446, "Cheese - Oka", "A Resilient Cheese - Oka in Joyful Brick made of Rayon useful for Tucking into some delicacies.",  45, 55),
  (447, "Bread - Rolls", "A Lively Bread - Rolls in Artistic Ecru made of Tweed useful for Ingesting.",  57, 562),
  (448, "Wild Boar - Tenderloin", "A Innovative Wild Boar - Tenderloin in Elegant Celeste made of Rayon useful for Snacking.",  58, 394),
  (449, "Chinese Foods - Pepper Beef", "A Charming Chinese Foods - Pepper Beef in Refreshing Silver made of Silver useful for Satisfying your taste buds.",  49, 308),
  (450, "Vanilla Beans", "A Mysterious Vanilla Beans in Whimsical Coral made of Oak useful for Sipping.",  93, 831),
  (451, " French Onion", "A Beautiful  French Onion in Vivacious Orchid made of Flannel useful for Scoffing.",  3, 957),
  (452, "Bouillion - Fish", "A Colorful Bouillion - Fish in Graceful Caramel made of Viscoelastic foam useful for Downing.",  100, 250),
  (453, "Yogurt - Peach", "A Joyful Yogurt - Peach in Mystifying Pewter made of Chrome useful for Enjoying a meal.",  87, 800),
  (454, " Merlot", "A Confident  Merlot in Mesmerizing Brick made of Limestone useful for Taking nourishment.",  72, 772),
  (455, "Energy Drink - Redbull 355ml", "A Serene Energy Drink - Redbull 355ml in Lively Silver made of Flannel useful for Hitting the buffet.",  43, 813),
  (456, "Milkettes - 2%", "A Adventurous Milkettes - 2% in Daring Azure made of Chamois useful for Gorging on.",  2, 954),
  (457, "Capicola - Hot", "A Friendly Capicola - Hot in Trustworthy Amber made of Nylon useful for Dining.",  86, 939),
  (458, "Ham Black Forest", "A Delightful Ham Black Forest in Lucky Copper made of Crystal useful for Having a feast.",  73, 990),
  (459, " Sauv", "A Imaginative  Sauv in Affectionate Citrine made of Spandex useful for Digging in.",  27, 108),
  (460, " Canned", "A Sensitive  Canned in Thoughtful Orchid made of Chrome useful for Satisfying your palate.",  24, 77),
  (461, "Bread - Mini Hamburger Bun", "A Graceful Bread - Mini Hamburger Bun in Harmonious Peach made of Linen useful for Hoovering up.",  8, 184),
  (462, "Juice - V8", "A Witty Juice - V8 in Dangerous Peacock made of Plastic useful for Chugging.",  36, 171),
  (463, "Veal - Provimi Inside", "A Thoughtful Veal - Provimi Inside in Elegant Olive made of Neoprene useful for Having a bite to eat.",  16, 399),
  (464, "Oil - Avocado", "A Peaceful Oil - Avocado in Graceful Coral made of Rattan useful for Ingesting.",  86, 585),
  (465, "Galliano", "A Resilient Galliano in Spirited Cobalt made of Cotton useful for Tasting.",  36, 288),
  (466, "Vodka - Smirnoff", "A Thoughtful Vodka - Smirnoff in Patient Ruby made of Linen useful for Dining.",  45, 20),
  (467, "Pepper - Black", "A Delightful Pepper - Black in Dazzling Black made of Rayon useful for Taking nourishment.",  70, 110),
  (468, "Nectarines", "A Spirited Nectarines in Lively White made of Cork useful for Having a snack.",  3, 311),
  (469, "Irish Cream - Butterscotch", "A Refreshing Irish Cream - Butterscotch in Refreshing Plum made of Alpaca useful for Tasting.",  65, 628),
  (470, " Blanched", "A Generous  Blanched in Friendly Beige made of Parchment useful for Having a bite.",  60, 35),
  (471, "Bagel - Ched Chs Presliced", "A Charming Bagel - Ched Chs Presliced in Clever Ivory made of Wicker useful for Chewing the cud.",  55, 516),
  (472, "Veal - Chops", "A Delightful Veal - Chops in Energetic Ochre made of Titanium useful for Devouring.",  78, 689),
  (473, "Lobster - Tail", "A Regal Lobster - Tail in Affectionate Denim made of Brass useful for Wolfing down.",  31, 957),
  (474, "Mix - Cappucino Cocktail", "A Mesmerizing Mix - Cappucino Cocktail in Powerful Lemon made of Mesh useful for Noshing on some treats.",  9, 305),
  (475, "Cheese - Camembert", "A Clever Cheese - Camembert in Jovial Silver made of Bamboo useful for Tasting a morsel.",  40, 390),
  (476, "Calypso - Lemonade", "A Inquisitive Calypso - Lemonade in Cautious Walnut made of Lycra useful for Satisfying your culinary desires.",  92, 398),
  (477, "Veal - Provimi Inside", "A Sensitive Veal - Provimi Inside in Vibrant White made of Cardboard useful for Tucking into some delicacies.",  48, 306),
  (478, "Cake - Box Window 10x10x2.5", "A Captivating Cake - Box Window 10x10x2.5 in Jovial Garnet made of Wood useful for Hitting the buffet.",  3, 315),
  (479, " White", "A Exciting  White in Whimsical Garnet made of Rayon useful for Partaking in a repast.",  37, 991),
  (480, "Crab - Imitation Flakes", "A Tenacious Crab - Imitation Flakes in Regal Mahogany made of Parchment useful for Tucking away.",  39, 767),
  (481, "Bacardi Raspberry", "A Cautious Bacardi Raspberry in Happy Tan made of Granite useful for Sinking your fork into.",  88, 273),
  (482, "Appetizer - Chicken Satay", "A Insightful Appetizer - Chicken Satay in Refreshing Sepia made of Veneer useful for Downing a meal.",  8, 830),
  (483, "Chips Potato Swt Chilli Sour", "A Lucky Chips Potato Swt Chilli Sour in Mesmerizing Ivory made of Alpaca useful for Enjoying a meal.",  97, 524),
  (484, "Pastry - Choclate Baked", "A Inquisitive Pastry - Choclate Baked in Serene Indigo made of Oak useful for Downing a meal.",  52, 214),
  (485, "Muffin Mix - Lemon Cranberry", "A Trustworthy Muffin Mix - Lemon Cranberry in Vibrant Charcoal made of Rayon useful for Filling up.",  73, 417),
  (486, "Cheese - Asiago", "A Charming Cheese - Asiago in Patient Azure made of Hemp useful for Hoovering up.",  76, 412),
  (487, " Organic", "A Regal  Organic in Serene Peach made of Metal useful for Chowing down.",  60, 827),
  (488, "Versatainer Nc - 8288", "A Charming Versatainer Nc - 8288 in Vivacious Copper made of Cotton useful for Having a snack.",  73, 708),
  (489, " Preserved", "A Surprising  Preserved in Sincere Indigo made of Suede useful for Devouring.",  100, 772),
  (490, "16 Oz", "A Radiant 16 Oz in Blissful Turquoise made of Gingham useful for Dining.",  91, 420),
  (491, "Crab - Blue", "A Graceful Crab - Blue in Innovative Lilac made of Limestone useful for Satisfying your palate.",  80, 262),
  (492, "Pastry - Key Limepoppy Seed Tea", "A Courageous Pastry - Key Limepoppy Seed Tea in Affectionate Peach made of Asbestos useful for Gulping down.",  42, 755),
  (493, "Ham - Cooked Italian", "A Tenacious Ham - Cooked Italian in Vivacious Blue made of Cardboard useful for Satisfying your appetite.",  34, 646),
  (494, "Juice - Mango", "A Inquisitive Juice - Mango in Gentle Plum made of Marble useful for Gorging on.",  8, 843),
  (495, "Steampan - Foil", "A Friendly Steampan - Foil in Mystifying Aquamarine made of Tweed useful for Satisfying your stomach.",  68, 111),
  (496, "French Kiss Vanilla", "A Wise French Kiss Vanilla in Elegant Celeste made of Laminate useful for Sipping.",  21, 101),
  (497, "Cheese - Oka", "A Sad Cheese - Oka in Fierce Red made of Granite useful for Biting.",  38, 749),
  (498, "Cakes Assorted", "A Exuberant Cakes Assorted in Captivating Topaz made of Bamboo useful for Hitting the buffet.",  6, 367),
  (499, "Kiwano", "A Magnificent Kiwano in Engaging Lavender made of Sequin useful for Chewing.",  20, 524),
  (500, "Southern Comfort", "A Harmonious Southern Comfort in Powerful Lilac made of Oak useful for Satisfying your taste buds.",  38, 332),
  (501, "Bread - Rye", "A Imaginative Bread - Rye in Vivacious Celadon made of Granite useful for Chewing the cud.",  99, 897),
  (502, "Egg Patty Fried", "A Vivacious Egg Patty Fried in Resilient Cobalt made of Gingham useful for Savoring.",  93, 405),
  (503, "Quail - Whole", "A Energetic Quail - Whole in Endearing Yellow made of Lace useful for Swallowing.",  100, 803),
  (504, "Lamb - Leg", "A Beautiful Lamb - Leg in Fearless Denim made of Polyester useful for Graze.",  80, 426),
  (505, " 175 Gr", "A Adventurous  175 Gr in Harmonious Olive made of Nylon useful for Banqueting.",  37, 321),
  (506, "Berry Brulee", "A Lively Berry Brulee in Friendly Cinnabar made of Concrete useful for Having a snack.",  85, 281),
  (507, "Beef - Shank", "A Peaceful Beef - Shank in Affectionate Cinnamon made of Stainless steel useful for Sampling.",  33, 780),
  (508, "Capicola - Hot", "A Generous Capicola - Hot in Endearing Yellow made of Twill useful for Tasting.",  10, 118),
  (509, " Absolut", "A Sad  Absolut in Trustworthy Mauve made of Nickel useful for Scoffing.",  34, 272),
  (510, " Sweet", "A Sophisticated  Sweet in Peaceful Tan made of Cotton useful for Dining on.",  57, 865),
  (511, "Coffee - Decaffeinato Coffee", "A Delightful Coffee - Decaffeinato Coffee in Beautiful Pink made of Laminate useful for Grazing.",  18, 267),
  (512, "Bread - Pita", "A Patient Bread - Pita in Mesmerizing Lavender made of Flannel useful for Tucking into some food.",  29, 323),
  (513, "Buttons", "A Endearing Buttons in Radiant Caramel made of Viscoelastic foam useful for Nibbling.",  37, 478),
  (514, " Macaroni", "A Charming  Macaroni in Beautiful Marigold made of Wood useful for Nibbling at.",  52, 680),
  (515, "Pancetta", "A Determined Pancetta in Affectionate Taupe made of Melamine useful for Hoovering up.",  47, 404),
  (516, "Bread - Pullman", "A Thoughtful Bread - Pullman in Regal Pewter made of Steel useful for Graze.",  74, 706),
  (517, "Tumeric", "A Peaceful Tumeric in Enthusiastic Khaki made of Fur useful for Munching on some goodies.",  71, 642),
  (518, "Wine - Pinot Noir Pond Haddock", "A Pensive Wine - Pinot Noir Pond Haddock in Fierce Ochre made of Satin useful for Polishing off.",  67, 549),
  (519, "Ham - Cooked Italian", "A Enthusiastic Ham - Cooked Italian in Enthusiastic Teal made of Plastic useful for Hoovering up.",  22, 368),
  (520, "Plums - Red", "A Confident Plums - Red in Vibrant Cobalt made of Silver useful for Dining on.",  98, 483),
  (521, " Bouillion", "A Reliable  Bouillion in Elegant Rust made of Silver useful for Enjoying a meal.",  92, 436),
  (522, "Transfer Sheets", "A Unique Transfer Sheets in Vibrant Violet made of Ceramic useful for Grazing.",  92, 940),
  (523, "Jello - Assorted", "A Honest Jello - Assorted in Optimistic Amber made of Satin useful for Biting.",  31, 446),
  (524, "Chilli Paste", "A Innovative Chilli Paste in Playful Purple made of Rayon useful for Having a feast.",  79, 812),
  (525, "Sauce - Vodka Blush", "A Zesty Sauce - Vodka Blush in Delightful Plum made of Twill useful for Quenching your appetite.",  19, 342),
  (526, "Salt - Rock", "A Adventurous Salt - Rock in Honest Gray made of Silk useful for Supping.",  100, 66),
  (527, "Tendrils - Baby Pea", "A Spontaneous Tendrils - Baby Pea in Graceful Periwinkle made of Brass useful for Nibbling.",  62, 345),
  (528, "Oats Large Flake", "A Honest Oats Large Flake in Serene Salmon made of Velvet useful for Munching.",  96, 344),
  (529, " White 2 - Ply", "A Surprising  White 2 - Ply in Honest Pewter made of Taffeta useful for Gobbling up.",  49, 667),
  (530, "Nori Sea Weed - Gold Label", "A Charming Nori Sea Weed - Gold Label in Honest Indigo made of Tulle useful for Taking nourishment.",  35, 28),
  (531, "Pork - Butt", "A Quirky Pork - Butt in Affectionate Cobalt made of Wicker useful for Downing.",  28, 535),
  (532, "Gherkin", "A Innovative Gherkin in Pensive Salmon made of Nickel useful for Polishing off.",  78, 757),
  (533, "Pastry - Apple Muffins - Mini", "A Humble Pastry - Apple Muffins - Mini in Graceful Coral made of Polyester useful for Tasting.",  93, 874),
  (534, " Whole", "A Sensitive  Whole in Endearing Aquamarine made of Sequin useful for Nibbling at.",  10, 904),
  (535, "Flour Dark Rye", "A Sincere Flour Dark Rye in Beautiful Ecru made of Oak useful for Downing a meal.",  42, 133),
  (536, "Crackers - Trio", "A Mystical Crackers - Trio in Mystical Khaki made of Parquet useful for Noshing.",  35, 628),
  (537, "Grapes - Red", "A Vibrant Grapes - Red in Surprising Green made of Neoprene useful for Satisfying your nutritional needs.",  85, 577),
  (538, "Island Oasis - Wildberry", "A Graceful Island Oasis - Wildberry in Fierce Cobalt made of Velour useful for Satisfying your culinary desires.",  85, 758),
  (539, "Cheese - Gouda", "A Dangerous Cheese - Gouda in Lively Ecru made of Bronze useful for Tucking in.",  22, 99),
  (540, "Appetizer - Chicken Satay", "A Endearing Appetizer - Chicken Satay in Witty Amber made of Parquet useful for Filling up.",  89, 117),
  (541, "Jello - Assorted", "A Harmonious Jello - Assorted in Charming Sage made of Concrete useful for Wolfing down.",  35, 454),
  (542, "Beer - Rickards Red", "A Harmonious Beer - Rickards Red in Whimsical Cyan made of Abaca useful for Having a feast.",  34, 752),
  (543, " Paste", "A Creative  Paste in Jovial Lilac made of Fabric useful for Gulping.",  69, 350),
  (544, "Bread - Wheat Baguette", "A Vivacious Bread - Wheat Baguette in Clever Lemon made of Cardboard useful for Taking your daily bread.",  66, 551),
  (545, "Cheese - Asiago", "A Captivating Cheese - Asiago in Vibrant Gray made of Wood useful for Sipping.",  63, 946),
  (546, "Beer - Blue Light", "A Harmonious Beer - Blue Light in Insightful Gold made of Silver useful for Noshing.",  19, 839),
  (547, " Dark", "A Insightful  Dark in Captivating Tan made of Limestone useful for Tasting a morsel.",  23, 518),
  (548, "Jack Daniels", "A Courageous Jack Daniels in Friendly Pewter made of Leather useful for Cleaning your plate.",  63, 867),
  (549, "Lettuce - California Mix", "A Determined Lettuce - California Mix in Charming Sepia made of Rubber useful for Partaking in a repast.",  35, 785),
  (550, " Individual", "A Witty  Individual in Spirited Cyan made of Vinyl useful for Tasting some cuisine.",  84, 283),
  (551, " Fresh", "A Honest  Fresh in Patient Olive made of Parquet useful for Tasting.",  39, 883),
  (552, "Scallops - Live In Shell", "A Beautiful Scallops - Live In Shell in Courageous Celadon made of Steel useful for Chewing the cud.",  100, 948),
  (553, "Cake - Sheet Strawberry", "A Pensive Cake - Sheet Strawberry in Mystical Teal made of Oak useful for Taking a nibble.",  93, 605),
  (554, " Seedless", "A Captivating  Seedless in Vivacious Azure made of Denim useful for Wolfing down.",  72, 516),
  (555, "Squash - Butternut", "A Clever Squash - Butternut in Mesmerizing Cinnabar made of Hemp useful for Satisfying your taste buds.",  9, 736),
  (556, "Cheese - Brie", "A Reliable Cheese - Brie in Creative Brown made of Alpaca useful for Slicking.",  20, 451),
  (557, "Fish - Soup Base", "A Elegant Fish - Soup Base in Thoughtful Peach made of Stainless steel useful for Supping.",  46, 179),
  (558, "Apple - Granny Smith", "A Harmonious Apple - Granny Smith in Vivacious Topaz made of Ebony useful for Savoring.",  55, 271),
  (559, "Sauce - Soya", "A Insightful Sauce - Soya in Alluring Salmon made of Limestone useful for Biting.",  41, 469),
  (560, "Veal - Insides Provini", "A Optimistic Veal - Insides Provini in Engaging Fuchsia made of Velvet useful for Having a bite.",  87, 733),
  (561, "Hot Choc Vending", "A Charming Hot Choc Vending in Resilient Black made of Oak useful for Scarfing.",  60, 267),
  (562, " Dry", "A Thoughtful  Dry in Clever Copper made of Terracotta useful for Enjoying a meal.",  26, 564),
  (563, "Lettuce - Romaine", "A Affectionate Lettuce - Romaine in Radiant Beige made of Silver useful for Taking your daily bread.",  71, 477),
  (564, "Brandy - Orange", "A Mysterious Brandy - Orange in Sophisticated Mauve made of Corduroy useful for Taking nourishment.",  69, 245),
  (565, "Mushroom - Shitake", "A Engaging Mushroom - Shitake in Reliable Ivory made of Tweed useful for Snacking.",  48, 349),
  (566, " Paste", "A Harmonious  Paste in Mesmerizing Pewter made of Sequin useful for Supping.",  79, 65),
  (567, "Juice - Cranberry", "A Courageous Juice - Cranberry in Determined Coral made of Glass useful for Slurping.",  94, 695),
  (568, "Sole - Iqf", "A Generous Sole - Iqf in Dangerous Lilac made of Gingham useful for Taking a bite out of.",  18, 935),
  (569, "Veal - Provimi Inside", "A Patient Veal - Provimi Inside in Friendly Pewter made of Oak useful for Tucking in.",  98, 659),
  (570, " Light", "A Zesty  Light in Serene Tangerine made of Copper useful for Gobbling.",  13, 610),
  (571, " Absolut", "A Dazzling  Absolut in Daring Plum made of Metal useful for Tucking into a meal.",  100, 398),
  (572, "Liqueur - Melon", "A Vibrant Liqueur - Melon in Dazzling Indigo made of Chamois useful for Enjoying a meal.",  62, 355),
  (573, "Juice - Mango", "A Vibrant Juice - Mango in Elegant Topaz made of Ceramic useful for Supping.",  48, 468),
  (574, "Chevril", "A Sophisticated Chevril in Captivating Ivory made of Velvet useful for Gobbling up.",  13, 220),
  (575, "Coriander - Seed", "A Regal Coriander - Seed in Sophisticated Gray made of Gold useful for Tucking into some delicacies.",  81, 447),
  (576, "Bread - Wheat Baguette", "A Playful Bread - Wheat Baguette in Thoughtful Marigold made of Oak useful for Hoovering up.",  92, 613),
  (577, " 591 Ml", "A Quirky  591 Ml in Gentle Tangerine made of Concrete useful for Tucking in.",  68, 289),
  (578, " Canadian Dinner", "A Inquisitive  Canadian Dinner in Sensitive Violet made of Polyester useful for Cleaning your plate.",  76, 1),
  (579, "Grenadillo", "A Vibrant Grenadillo in Whimsical Brown made of Marble useful for Noshing on some treats.",  6, 999),
  (580, "Compound - Pear", "A Charming Compound - Pear in Lively Indigo made of Steel useful for Chowing down.",  14, 258),
  (581, "Orange - Blood", "A Friendly Orange - Blood in Joyful Cobalt made of Titanium useful for Hoovering.",  61, 768),
  (582, "Coffee - Decafenated", "A Enthusiastic Coffee - Decafenated in Charming Indigo made of Fur useful for Noshing on some treats.",  51, 491),
  (583, "Instant Coffee", "A Sincere Instant Coffee in Insightful Cyan made of Concrete useful for Feeding.",  50, 390),
  (584, "Wine - Soave Folonari", "A Courageous Wine - Soave Folonari in Colorful Caramel made of Lambswool useful for Satisfying your stomach.",  7, 173),
  (585, "V8 - Tropical Blend", "A Creative V8 - Tropical Blend in Innovative Lavender made of Taffeta useful for Gluttonizing.",  37, 367),
  (586, "Table Cloth 54x54 White", "A Unique Table Cloth 54x54 White in Daring Teal made of Bamboo useful for Gormandizing.",  64, 228),
  (587, "Pie Filling - Cherry", "A Playful Pie Filling - Cherry in Mesmerizing Crimson made of Oak useful for Satisfying your pangs of hunger.",  69, 83),
  (588, "Kohlrabi", "A Friendly Kohlrabi in Tenacious Brown made of Rubber useful for Noshing on some treats.",  61, 947),
  (589, "Beans - Black Bean", "A Vibrant Beans - Black Bean in Affectionate Pink made of Twill useful for Satisfying your appetite.",  16, 912),
  (590, "Pork - Liver", "A Innovative Pork - Liver in Radiant Caramel made of Tulle useful for Picking at.",  39, 799),
  (591, "Pastry - Choclate Baked", "A Vibrant Pastry - Choclate Baked in Serene Mauve made of Mahogany useful for Filling up.",  71, 101),
  (592, "Appetizer - Asian Shrimp Roll", "A Mystical Appetizer - Asian Shrimp Roll in Graceful Yellow made of Copper useful for Tucking away.",  71, 611),
  (593, "Island Oasis - Wildberry", "A Serene Island Oasis - Wildberry in Dangerous Cinnamon made of Jute useful for Sampling.",  4, 941),
  (594, "Milk - 2%", "A Mystifying Milk - 2% in Imaginative Beige made of Porcelain useful for Lapping.",  80, 898),
  (595, "Cocoa Powder - Natural", "A Refreshing Cocoa Powder - Natural in Regal Pink made of Fabric useful for Having a feast.",  73, 713),
  (596, " Whole", "A Dangerous  Whole in Enthusiastic Cyan made of Twill useful for Devouring.",  34, 504),
  (597, "Chinese Foods - Plain Fried Rice", "A Exuberant Chinese Foods - Plain Fried Rice in Delightful Gray made of Taffeta useful for Nibbling.",  25, 465),
  (598, " Minestrone", "A Captivating  Minestrone in Regal Lavender made of Plastic useful for Sinking your fork into.",  66, 367),
  (599, "Kale - Red", "A Sincere Kale - Red in Resilient Coral made of Sisal useful for Tucking into some delicacies.",  40, 112),
  (600, " Black Opal Shiraz", "A Lucky  Black Opal Shiraz in Graceful Lavender made of Viscoelastic foam useful for Tucking in.",  68, 541),
  (601, "Shrimp - Black Tiger 13/15", "A Zesty Shrimp - Black Tiger 13/15 in Magnificent Cobalt made of Fabric useful for Gulping down.",  91, 776),
  (602, "Wine - Red", "A Reliable Wine - Red in Quirky Citrine made of Nickel useful for Tasting a morsel.",  43, 746),
  (603, "Rice - Jasmine Sented", "A Vibrant Rice - Jasmine Sented in Resilient Lavender made of Satin useful for Scoffing.",  62, 306),
  (604, "Crackers - Soda / Saltins", "A Mesmerizing Crackers - Soda / Saltins in Powerful Violet made of Neoprene useful for Gluttonizing.",  75, 154),
  (605, " Powder", "A Innovative  Powder in Courageous Peacock made of Neoprene useful for Dining.",  5, 993),
  (606, "Cookies - Englishbay Chochip", "A Trustworthy Cookies - Englishbay Chochip in Harmonious Caramel made of Wood useful for Having a snack.",  75, 528),
  (607, " Mc Guiness", "A Delightful  Mc Guiness in Joyful Cinnamon made of Twill useful for Gobbling.",  34, 976),
  (608, " 2", "A Generous  2 in Powerful White made of Steel useful for Satisfying.",  25, 560),
  (609, " Plastic", "A Whimsical  Plastic in Trustworthy Tangerine made of Lambswool useful for Devouring.",  41, 991),
  (610, " Whole", "A Gentle  Whole in Mesmerizing Cobalt made of Copper useful for Taking sustenance.",  49, 852),
  (611, "16 Oz", "A Alluring 16 Oz in Artistic Orchid made of Terracotta useful for Graze.",  85, 733),
  (612, "Boogies", "A Lucky Boogies in Thoughtful Sepia made of Terracotta useful for Feasting.",  38, 857),
  (613, "Beans - Fava", "A Humble Beans - Fava in Zesty Lavender made of Rattan useful for Taking your daily bread.",  54, 177),
  (614, "Gatorade - Xfactor Berry", "A Joyful Gatorade - Xfactor Berry in Enthusiastic Amber made of Concrete useful for Taking nourishment.",  41, 108),
  (615, "Beets", "A Unique Beets in Sincere Tan made of Steel useful for Munching on some goodies.",  45, 734),
  (616, "Trout - Rainbow", "A Gentle Trout - Rainbow in Determined Rust made of Granite useful for Sucking.",  9, 577),
  (617, "Fish - Artic Char", "A Colorful Fish - Artic Char in Courageous Walnut made of Rayon useful for Nibbling at.",  57, 383),
  (618, "Thyme - Fresh", "A Courageous Thyme - Fresh in Wise Crimson made of Rayon useful for Taking your daily bread.",  9, 350),
  (619, " Absolut", "A Playful  Absolut in Confident Green made of Mosaic useful for Gobbling.",  1, 795),
  (620, "Vodka - Lemon", "A Graceful Vodka - Lemon in Sensitive Lemon made of Mesh useful for Satisfying your appetite.",  75, 868),
  (621, "Lamb - Loin Chops", "A Radiant Lamb - Loin Chops in Resilient Purple made of Silk useful for Scoffing.",  48, 46),
  (622, "Coffee - Decafenated", "A Lucky Coffee - Decafenated in Adventurous Rosy made of Veneer useful for Graze.",  71, 247),
  (623, "Lemon Tarts", "A Graceful Lemon Tarts in Inquisitive Cinnabar made of Bamboo useful for Gormandizing.",  84, 873),
  (624, "Fish - Base", "A Graceful Fish - Base in Resilient Coral made of Stone useful for Noshing on.",  38, 994),
  (625, "Wine - Sauvignon Blanc Oyster", "A Playful Wine - Sauvignon Blanc Oyster in Trustworthy Sand made of Copper useful for Feasting.",  91, 266),
  (626, "Russian Prince", "A Sincere Russian Prince in Playful Ivory made of Gingham useful for Enjoying a repast.",  42, 668),
  (627, "Salt And Pepper Mix - White", "A Sophisticated Salt And Pepper Mix - White in Creative Cobalt made of Velour useful for Partaking.",  8, 649),
  (628, "Brandy - Orange", "A Dangerous Brandy - Orange in Generous Peach made of Abaca useful for Sinking your teeth into.",  48, 509),
  (629, "Tomatoes - Cherry", "A Endearing Tomatoes - Cherry in Fierce Crimson made of Limestone useful for Taking your daily bread.",  56, 460),
  (630, "Irish Cream - Butterscotch", "A Exuberant Irish Cream - Butterscotch in Serene Fuchsia made of Abaca useful for Digging in.",  10, 761),
  (631, "Chicken Breast Wing On", "A Regal Chicken Breast Wing On in Surprising Marigold made of Lace useful for Satisfying your stomach.",  39, 620),
  (632, "Eggplant - Asian", "A Tenacious Eggplant - Asian in Imaginative Olive made of Sisal useful for Scarfing.",  94, 474),
  (633, "Coke - Classic", "A Honest Coke - Classic in Courageous Peach made of Nylon useful for Chewing the cud.",  46, 320),
  (634, "Cheese - Gouda Smoked", "A Honest Cheese - Gouda Smoked in Fierce Khaki made of Suede useful for Graze.",  62, 328),
  (635, "Allspice - Jamaican", "A Refreshing Allspice - Jamaican in Mesmerizing Brown made of Nickel useful for Satisfying your culinary desires.",  58, 914),
  (636, "Beer - Corona", "A Pensive Beer - Corona in Honest Lemon made of Copper useful for Tasting.",  21, 46),
  (637, "Table Cloth 62x114 White", "A Energetic Table Cloth 62x114 White in Patient Beige made of Silk useful for Sampling.",  34, 763),
  (638, "Veal - Liver", "A Honest Veal - Liver in Thoughtful Violet made of Wicker useful for Tucking in.",  15, 388),
  (639, " Canned", "A Courageous  Canned in Pensive Olive made of Fabric useful for Masticating.",  33, 942),
  (640, "Tomatoes Tear Drop Yellow", "A Jovial Tomatoes Tear Drop Yellow in Imaginative Aqua made of Linen useful for Gobbling.",  98, 870),
  (641, " Cooking", "A Thoughtful  Cooking in Vibrant Celadon made of Velour useful for Satisfying your appetite.",  9, 474),
  (642, "Wine - Mondavi Coastal Private", "A Magnificent Wine - Mondavi Coastal Private in Friendly Azure made of Fur useful for Nourishing.",  74, 948),
  (643, " Dry", "A Sincere  Dry in Determined Moss made of Leather useful for Tucking into some food.",  72, 263),
  (644, "Quiche Assorted", "A Imaginative Quiche Assorted in Playful Chartreuse made of Hemp useful for Tasting some cuisine.",  52, 764),
  (645, "Pastry - Choclate Baked", "A Unique Pastry - Choclate Baked in Vibrant Turquoise made of Satin useful for Scarfing.",  93, 735),
  (646, "Lamb - Shoulder", "A Colorful Lamb - Shoulder in Serene Gray made of Taffeta useful for Slicking.",  45, 140),
  (647, " Capless", "A Vivacious  Capless in Graceful Silver made of Corduroy useful for Partaking.",  93, 188),
  (648, "Cheese - Augre Des Champs", "A Energetic Cheese - Augre Des Champs in Sophisticated Lavender made of Chiffon useful for Gulping down.",  82, 647),
  (649, " Cap On", "A Wise  Cap On in Beautiful Fuchsia made of Rubber useful for Taking sustenance.",  89, 981),
  (650, "Bagel - 12 Grain Preslice", "A Playful Bagel - 12 Grain Preslice in Graceful Green made of Parquet useful for Cleaning your plate.",  61, 628),
  (651, "Cheese - Brie Roitelet", "A Vivacious Cheese - Brie Roitelet in Captivating Moss made of Lycra useful for Enjoying a repast.",  81, 955),
  (652, "Wine - Sauvignon Blanc Oyster", "A Joyful Wine - Sauvignon Blanc Oyster in Zesty Cinnabar made of Silk useful for Munching.",  67, 232),
  (653, "Milk - Homo", "A Generous Milk - Homo in Quirky Orchid made of Burlap useful for Taking your daily bread.",  39, 847),
  (654, "Cheese - Gouda", "A Whimsical Cheese - Gouda in Artistic Peacock made of Parchment useful for Gluttonizing.",  38, 483),
  (655, " 175 Gr", "A Charming  175 Gr in Lucky Caramel made of Copper useful for Consuming.",  56, 267),
  (656, "Lobster - Cooked", "A Whimsical Lobster - Cooked in Whimsical Orchid made of Lambswool useful for Tucking into some food.",  25, 984),
  (657, "Flavouring Vanilla Artificial", "A Clever Flavouring Vanilla Artificial in Colorful Ecru made of Nylon useful for Partaking.",  96, 800),
  (658, " Calets", "A Resilient  Calets in Courageous Tan made of Velvet useful for Slurping.",  83, 517),
  (659, "Iced Tea Concentrate", "A Imaginative Iced Tea Concentrate in Lucky Tangerine made of Nickel useful for Having a bite.",  83, 365),
  (660, "Wine - Pinot Noir Pond Haddock", "A Refreshing Wine - Pinot Noir Pond Haddock in Joyful Coral made of Shearling useful for Devouring.",  34, 231),
  (661, "Chinese Foods - Plain Fried Rice", "A Sensitive Chinese Foods - Plain Fried Rice in Artistic Denim made of Cork useful for Slicking.",  42, 487),
  (662, "Wine - Chianti Classico Riserva", "A Strong Wine - Chianti Classico Riserva in Alluring Turquoise made of Sequin useful for Sucking.",  93, 409),
  (663, " Whole", "A Refreshing  Whole in Adventurous Pearl made of Oak useful for Satisfying your sweet tooth.",  71, 76),
  (664, "Flour Dark Rye", "A Sad Flour Dark Rye in Witty Lilac made of Tweed useful for Satisfying.",  93, 173),
  (665, "Pie Pecan", "A Endearing Pie Pecan in Peaceful Peach made of Cotton useful for Filling up.",  93, 971),
  (666, "Chinese Foods - Pepper Beef", "A Patient Chinese Foods - Pepper Beef in Dazzling Azure made of Stone useful for Satisfying your culinary desires.",  42, 602),
  (667, "Lamb - Ground", "A Spontaneous Lamb - Ground in Serene Yellow made of Acrylic useful for Satisfying your palate.",  18, 164),
  (668, "Cheese - Perron Cheddar", "A Thoughtful Cheese - Perron Cheddar in Adventurous Taupe made of Nylon useful for Munching.",  99, 144),
  (669, "Pomello", "A Gentle Pomello in Gentle Cobalt made of Velour useful for Gulping down.",  41, 86),
  (670, "Burger Veggie", "A Joyful Burger Veggie in Mystical Lemon made of Mosaic useful for Tucking into some delicacies.",  11, 551),
  (671, " 3 - 4 Oz", "A Optimistic  3 - 4 Oz in Tenacious Indigo made of Parquet useful for Sipping.",  99, 213),
  (672, "Cheese - Augre Des Champs", "A Lively Cheese - Augre Des Champs in Clever Maroon made of Flannel useful for Having a bite to eat.",  88, 395),
  (673, "Oranges - Navel", "A Charming Oranges - Navel in Generous Crimson made of Suede useful for Biting.",  55, 391),
  (674, "Cookie Trail Mix", "A Blissful Cookie Trail Mix in Jovial Marigold made of Sequin useful for Scarfing.",  15, 363),
  (675, "Cheese - Brie Roitelet", "A Clever Cheese - Brie Roitelet in Exuberant Aqua made of Neoprene useful for Feasting.",  64, 534),
  (676, "Beef - Montreal Smoked Brisket", "A Daring Beef - Montreal Smoked Brisket in Regal Brown made of Ceramic useful for Having a bite.",  63, 809),
  (677, " Cut - Up", "A Trustworthy  Cut - Up in Radiant Maroon made of Velvet useful for Devouring.",  57, 427),
  (678, "Berry Brulee", "A Adventurous Berry Brulee in Tenacious Mahogany made of Terracotta useful for Nourishing.",  99, 327),
  (679, "Squash - Acorn", "A Fearless Squash - Acorn in Vibrant Celadon made of Brass useful for Satisfying your appetite.",  47, 545),
  (680, "Cheese - Brie Roitelet", "A Generous Cheese - Brie Roitelet in Calm Olive made of Lambswool useful for Tasting.",  89, 604),
  (681, "Tray - 12in Rnd Blk", "A Fearless Tray - 12in Rnd Blk in Unique Cobalt made of Cotton useful for Tasting.",  21, 688),
  (682, "Tea - Herbal I Love Lemon", "A Generous Tea - Herbal I Love Lemon in Reliable Chartreuse made of Cork useful for Hitting the buffet.",  75, 244),
  (683, " Foam", "A Imaginative  Foam in Sophisticated Topaz made of Twill useful for Supping.",  38, 441),
  (684, " Ultimate", "A Delightful  Ultimate in Cautious Salmon made of Mosaic useful for Grazing.",  54, 866),
  (685, "Compound - Rum", "A Honest Compound - Rum in Adventurous Green made of Nickel useful for Nourishing.",  85, 807),
  (686, "Squid - U - 10 Thailand", "A Affectionate Squid - U - 10 Thailand in Strong Pink made of Laminate useful for Noshing.",  10, 474),
  (687, "Pants Custom Dry Clean", "A Charming Pants Custom Dry Clean in Blissful Citrine made of Sisal useful for Ingesting.",  34, 742),
  (688, "Pectin", "A Generous Pectin in Daring Marigold made of Limestone useful for Banqueting.",  56, 208),
  (689, "Cattail Hearts", "A Zesty Cattail Hearts in Strong Lemon made of Metal useful for Partaking in a repast.",  35, 939),
  (690, "Lobak", "A Spirited Lobak in Mystifying Citrine made of Stone useful for Chewing.",  83, 576),
  (691, "Garbag Bags - Black", "A Whimsical Garbag Bags - Black in Elegant Cinnamon made of Rubber useful for Satisfying.",  4, 649),
  (692, " Canned", "A Playful  Canned in Creative Blue made of Acrylic useful for Gorging.",  55, 881),
  (693, " White 2 - Ply", "A Fierce  White 2 - Ply in Resilient Lavender made of Sequin useful for Sinking your teeth into.",  94, 790),
  (694, " Dry", "A Artistic  Dry in Graceful Magenta made of Oak useful for Noshing on some treats.",  79, 861),
  (695, "Food Colouring - Orange", "A Exciting Food Colouring - Orange in Sad Green made of Ceramic useful for Having a snack.",  70, 171),
  (696, "Beer - Steamwhistle", "A Courageous Beer - Steamwhistle in Engaging Caramel made of Nickel useful for Satisfying your hunger.",  90, 872),
  (697, "Sugar - Palm", "A Clever Sugar - Palm in Spontaneous Yellow made of Fur useful for Sipping.",  69, 245),
  (698, "Beer - Sleemans Honey Brown", "A Fearless Beer - Sleemans Honey Brown in Adventurous Chartreuse made of Tencel useful for Tucking into some delicacies.",  30, 208),
  (699, " Dark", "A Vivacious  Dark in Exciting Coral made of Satin useful for Cleaning your plate.",  86, 976),
  (700, "Cabbage - Red", "A Clever Cabbage - Red in Zesty Coral made of Marble useful for Sinking your fork into.",  53, 491),
  (701, "Miso Paste White", "A Humble Miso Paste White in Refreshing Copper made of Rattan useful for Sucking.",  67, 998),
  (702, "Scallops - U - 10", "A Mesmerizing Scallops - U - 10 in Serene Topaz made of Sequin useful for Downing a meal.",  82, 687),
  (703, "Potatoes - Pei 10 Oz", "A Dangerous Potatoes - Pei 10 Oz in Energetic Pewter made of Vinyl useful for Partaking in a repast.",  93, 546),
  (704, "Chocolate - Feathers", "A Determined Chocolate - Feathers in Inquisitive Cobalt made of Mahogany useful for Chugging.",  27, 955),
  (705, "Cabbage - Red", "A Serene Cabbage - Red in Exciting Mauve made of Vinyl useful for Consuming.",  57, 675),
  (706, "Bar Bran Honey Nut", "A Humble Bar Bran Honey Nut in Witty Aquamarine made of Tulle useful for Digging in.",  82, 641),
  (707, "Bread Fig And Almond", "A Vibrant Bread Fig And Almond in Trustworthy Maroon made of Lace useful for Taking a nibble.",  18, 769),
  (708, "Beer - Blue Light", "A Mystical Beer - Blue Light in Graceful Terracotta made of Leather useful for Satisfying your appetite.",  15, 816),
  (709, " Yellow", "A Quirky  Yellow in Whimsical Cobalt made of Corduroy useful for Satisfying your craving.",  59, 24),
  (710, "Mangoes", "A Reliable Mangoes in Trustworthy Lemon made of Sisal useful for Savoring.",  79, 34),
  (711, "Chinese Foods - Pepper Beef", "A Sad Chinese Foods - Pepper Beef in Graceful Orange made of Chrome useful for Satisfying your taste buds.",  45, 229),
  (712, "Cheese - Augre Des Champs", "A Unique Cheese - Augre Des Champs in Sophisticated Black made of Lycra useful for Slurping.",  95, 306),
  (713, "Syrup - Kahlua Chocolate", "A Trustworthy Syrup - Kahlua Chocolate in Colorful Teal made of Rayon useful for Tucking away.",  21, 595),
  (714, "Irish Cream - Baileys", "A Courageous Irish Cream - Baileys in Artistic Teal made of Denim useful for Gorging on.",  77, 902),
  (715, "Chambord Royal", "A Strong Chambord Royal in Thoughtful Plum made of Silk useful for Satisfying your palate.",  72, 140),
  (716, "Beans - Fava", "A Enthusiastic Beans - Fava in Regal Taupe made of Burlap useful for Having a feast.",  81, 749),
  (717, "Tofu - Firm", "A Surprising Tofu - Firm in Generous Tangerine made of Silk useful for Biting.",  62, 300),
  (718, "Crackers - Trio", "A Endearing Crackers - Trio in Radiant Yellow made of Metal useful for Tasting.",  36, 639),
  (719, " 591 Ml", "A Charming  591 Ml in Joyful Topaz made of Cotton useful for Noshing on.",  90, 338),
  (720, "Lemonade - Mandarin", "A Generous Lemonade - Mandarin in Graceful Brown made of Chiffon useful for Tucking away.",  95, 559),
  (721, "Soup Campbells Turkey Veg.", "A Playful Soup Campbells Turkey Veg. in Exciting Magenta made of Satin useful for Grazing.",  77, 850),
  (722, "Muffin Mix - Carrot", "A Spontaneous Muffin Mix - Carrot in Quirky Mahogany made of Nickel useful for Gorging on.",  44, 916),
  (723, "Beans - Black Bean", "A Optimistic Beans - Black Bean in Insightful Salmon made of Sisal useful for Tucking into a meal.",  24, 322),
  (724, "Rice Paper", "A Calm Rice Paper in Dangerous Cyan made of Silver useful for Satisfying your craving.",  82, 311),
  (725, " Preserved", "A Beautiful  Preserved in Mystical Cinnamon made of Parquet useful for Tasting.",  56, 628),
  (726, " Fresh", "A Sophisticated  Fresh in Patient Cinnabar made of Melamine useful for Scarfing.",  23, 657),
  (727, "Garbag Bags - Black", "A Whimsical Garbag Bags - Black in Unique Magenta made of Spandex useful for Hitting the buffet.",  95, 848),
  (728, "Veal - Insides Provini", "A Optimistic Veal - Insides Provini in Adventurous Caramel made of Porcelain useful for Partaking in a repast.",  12, 925),
  (729, "Wine La Vielle Ferme Cote Du", "A Fierce Wine La Vielle Ferme Cote Du in Mystifying Mauve made of Leather useful for Satisfying your taste buds.",  28, 207),
  (730, " Pelee Island", "A Generous  Pelee Island in Gentle Lilac made of Oak useful for Gluttonizing.",  84, 953),
  (731, "Beef - Rib Roast", "A Sad Beef - Rib Roast in Witty Periwinkle made of Felt useful for Satisfying your craving.",  50, 249),
  (732, "Lemon Tarts", "A Gentle Lemon Tarts in Reliable Salmon made of Rubber useful for Hoovering up.",  94, 41),
  (733, " Paste", "A Jovial  Paste in Dazzling Olive made of Cotton useful for Lapping.",  85, 291),
  (734, "Filling - Mince Meat", "A Captivating Filling - Mince Meat in Beautiful Chartreuse made of Spandex useful for Sampling.",  50, 696),
  (735, "Sugar - Brown", "A Graceful Sugar - Brown in Exciting White made of Twill useful for Savoring.",  24, 454),
  (736, "Beef - Rib Roast", "A Charming Beef - Rib Roast in Mystical Maroon made of Mahogany useful for Enjoying a meal.",  79, 1000),
  (737, " Clear 5 Oz", "A Alluring  Clear 5 Oz in Alluring Marigold made of Asbestos useful for Tucking into a meal.",  51, 946),
  (738, "Chicken - Wieners", "A Sad Chicken - Wieners in Fierce Purple made of Cashmere useful for Feeding.",  22, 167),
  (739, " Fresh", "A Affectionate  Fresh in Blissful Lavender made of Plexiglass useful for Sinking your fork into.",  35, 835),
  (740, "Nori Sea Weed - Gold Label", "A Engaging Nori Sea Weed - Gold Label in Jovial Lilac made of Copper useful for Dining on.",  49, 959),
  (741, "Oranges - Navel", "A Innovative Oranges - Navel in Adventurous Taupe made of Mesh useful for Satisfying your hunger.",  73, 810),
  (742, "Ham - Cooked Italian", "A Vivacious Ham - Cooked Italian in Friendly Brick made of Stone useful for Tucking away.",  4, 322),
  (743, " Black Opal Shiraz", "A Captivating  Black Opal Shiraz in Lucky Ochre made of Fabric useful for Tucking into some food.",  52, 660),
  (744, "Paper Towel Touchless", "A Alluring Paper Towel Touchless in Dazzling Orchid made of Oak useful for Munching on some goodies.",  8, 784),
  (745, "Monkfish Fresh - Skin Off", "A Humble Monkfish Fresh - Skin Off in Vibrant Silver made of Veneer useful for Dining on.",  27, 122),
  (746, "Sherbet - Raspberry", "A Lively Sherbet - Raspberry in Endearing Terracotta made of Mesh useful for Gobbling.",  3, 40),
  (747, " Fleischman", "A Serene  Fleischman in Calm White made of Lambswool useful for Savoring.",  16, 678),
  (748, "Fish - Base", "A Zesty Fish - Base in Elegant Ochre made of Ebony useful for Tasting.",  40, 313),
  (749, "Garbag Bags - Black", "A Lively Garbag Bags - Black in Sensitive Teal made of Wool useful for Banqueting.",  24, 377),
  (750, "Banana", "A Surprising Banana in Radiant Black made of Parchment useful for Tasting some cuisine.",  50, 966);
INSERT INTO warehouse
(
warehouse_id,
name, 
address_id
)
VALUES
  (1, "Stockroom Serenity", 32),
  (2, "Fulfillment Haven", 83),
  (3, "Supply Stronghold", 74),
  (4, "Logistics Lounge", 82),
  (5, "Storage Citadel", 134),
  (6, "Distribution Dominion", 92),
  (7, "Stockpile Station", 106),
  (8, "Cargo Oasis", 15),
  (9, "Stockyard Sanctuary", 33),
  (10, "Merchandise Mansion", 146),
  (11, "Storage Haven", 78),
  (12, "Stockpile Station", 48),
  (13, "Cargo Cove", 8),
  (14, "Fulfillment Haven", 26),
  (15, "Stockyard Sanctuary", 47),
  (16, "Stockpile Station", 11),
  (17, "Stash Spot", 148),
  (18, "Pallet Paradise", 57),
  (19, "Freight Fortress", 142),
  (20, "Stockpile Station", 51),
  (21, "Warehousing Wonders", 38),
  (22, "Cargo Cove", 17),
  (23, "Stash Spot", 35),
  (24, "Distribution Dominion", 38),
  (25, "Stockyard Sanctuary", 116);
INSERT INTO order_item
(
order_id,
product_id, 
quantity, 
price
)
VALUES  (37, 24, 25, 400),  (36, 339, 45, 10),  (327, 368, 23, 398),  (274, 342, 82, 3),  (243, 90, 81, 408),  (112, 277, 71, 103),  (36, 16, 97, 448),  (287, 605, 62, 93),  (24, 172, 49, 120),  (113, 568, 47, 352),  (309, 131, 31, 51),  (167, 439, 46, 262),  (311, 549, 60, 164),  (325, 648, 24, 136),  (346, 74, 98, 326),  (59, 112, 47, 188),  (61, 696, 35, 26),  (56, 725, 9, 36),  (198, 90, 4, 16),  (151, 359, 79, 250),  (52, 82, 99, 492),  (221, 295, 22, 430),  (295, 750, 92, 388),  (222, 547, 31, 155),  (135, 703, 77, 212),  (254, 343, 30, 354),  (84, 522, 90, 402),  (262, 265, 18, 264),  (86, 134, 3, 69),  (264, 386, 40, 74),  (132, 682, 44, 218),  (183, 4, 82, 212),  (329, 585, 1, 489),  (312, 576, 19, 176),  (211, 246, 76, 333),  (89, 311, 80, 259),  (275, 46, 89, 54),  (5, 192, 3, 297),  (298, 439, 64, 281),  (246, 173, 90, 259),  (329, 114, 40, 86),  (331, 17, 10, 498),  (274, 742, 85, 124),  (16, 206, 32, 172),  (260, 464, 95, 188),  (318, 75, 95, 278),  (311, 229, 43, 334),  (139, 488, 95, 55),  (159, 536, 21, 319),  (25, 518, 73, 251),  (248, 610, 71, 56),  (325, 161, 16, 61),  (229, 596, 51, 307),  (209, 276, 23, 178),  (211, 472, 39, 185),  (334, 665, 46, 319),  (31, 492, 74, 396),  (213, 155, 100, 319),  (182, 287, 66, 440),  (113, 689, 84, 253),  (306, 426, 49, 468),  (286, 210, 78, 11),  (215, 13, 85, 130),  (169, 642, 35, 44),  (58, 694, 59, 214),  (266, 547, 3, 117),  (201, 656, 72, 410),  (196, 304, 93, 470),  (73, 555, 27, 49),  (221, 106, 23, 88),  (135, 542, 41, 275),  (199, 657, 45, 412),  (80, 741, 81, 198),  (184, 548, 93, 102),  (137, 611, 15, 187),  (142, 251, 76, 96),  (129, 92, 63, 153),  (111, 48, 61, 322),  (315, 478, 29, 357),  (288, 146, 29, 349),  (68, 607, 47, 444),  (153, 247, 78, 20),  (3, 638, 12, 402),  (343, 631, 59, 341),  (318, 335, 31, 300),  (103, 627, 94, 389),  (121, 238, 97, 407),  (174, 722, 3, 47),  (27, 100, 39, 137),  (2, 150, 10, 218),  (157, 263, 16, 426),  (111, 651, 58, 402),  (334, 208, 74, 169),  (81, 673, 71, 356),  (234, 367, 51, 81),  (102, 265, 100, 263),  (227, 679, 42, 394),  (286, 614, 15, 336),  (87, 471, 27, 208),  (264, 117, 85, 32),  (129, 698, 88, 401),  (149, 575, 50, 388),  (4, 620, 33, 282),  (167, 138, 87, 305),  (207, 31, 11, 29),  (276, 60, 73, 341),  (185, 10, 28, 109),  (157, 95, 34, 431),  (295, 180, 34, 343),  (260, 69, 17, 471),  (48, 355, 86, 333),  (34, 168, 39, 146),  (6, 16, 73, 342),  (137, 54, 73, 284),  (293, 368, 57, 300),  (169, 10, 47, 365),  (228, 234, 36, 153),  (1, 327, 65, 66),  (76, 314, 69, 52),  (191, 642, 44, 105),  (46, 61, 19, 187),  (164, 530, 84, 243),  (144, 383, 12, 41),  (12, 421, 64, 207),  (196, 557, 55, 3),  (37, 19, 10, 417),  (207, 382, 97, 320),  (251, 158, 91, 61),  (54, 700, 8, 269),  (31, 538, 56, 244),  (110, 241, 70, 174),  (199, 536, 31, 418),  (222, 547, 18, 86),  (16, 373, 83, 104),  (18, 99, 57, 168),  (225, 691, 57, 168),  (284, 521, 31, 325),  (100, 511, 30, 253),  (204, 414, 69, 69),  (116, 244, 48, 381),  (132, 484, 21, 115),  (236, 461, 55, 58),  (159, 22, 27, 108),  (258, 75, 42, 400),  (196, 50, 87, 72),  (183, 297, 58, 9),  (146, 340, 19, 135),  (282, 652, 42, 366),  (81, 102, 56, 443),  (37, 586, 87, 173),  (330, 465, 21, 181),  (6, 737, 64, 466),  (343, 59, 44, 10),  (21, 709, 95, 84),  (310, 65, 93, 405),  (70, 590, 11, 31),  (332, 348, 51, 131),  (333, 333, 60, 223),  (225, 30, 19, 493),  (202, 81, 61, 38),  (331, 284, 29, 137),  (89, 707, 96, 15),  (254, 22, 88, 85),  (138, 586, 76, 284),  (255, 328, 22, 339),  (245, 372, 83, 121),  (184, 478, 1, 101),  (153, 50, 97, 188),  (7, 431, 92, 273),  (279, 526, 16, 250),  (137, 639, 7, 101),  (203, 614, 59, 10),  (264, 639, 2, 141),  (94, 244, 57, 396),  (131, 743, 44, 186),  (278, 490, 65, 124),  (10, 743, 89, 350),  (37, 689, 32, 101),  (50, 436, 65, 389),  (316, 464, 51, 480),  (68, 384, 65, 279),  (181, 676, 12, 497),  (229, 297, 69, 380),  (200, 124, 53, 81),  (224, 412, 56, 180),  (182, 381, 30, 1),  (250, 96, 49, 473),  (309, 296, 14, 195),  (41, 25, 81, 214),  (303, 549, 7, 240),  (113, 666, 9, 310),  (91, 75, 98, 344),  (120, 704, 60, 186),  (48, 381, 68, 101),  (241, 106, 2, 314),  (129, 315, 76, 423),  (106, 62, 21, 27),  (264, 618, 38, 377),  (35, 604, 27, 139),  (147, 129, 31, 408),  (7, 646, 82, 286),  (229, 115, 43, 165),  (319, 702, 51, 400),  (163, 34, 45, 476),  (331, 172, 63, 449),  (309, 232, 71, 357),  (331, 409, 92, 326),  (263, 474, 87, 34),  (309, 678, 68, 478),  (276, 472, 94, 68),  (125, 669, 12, 280),  (44, 358, 68, 258),  (261, 244, 5, 199),  (48, 176, 90, 172),  (180, 534, 91, 426),  (88, 277, 28, 262),  (98, 655, 65, 35),  (107, 111, 47, 203),  (266, 212, 82, 423),  (345, 222, 35, 411),  (70, 48, 32, 494),  (57, 386, 37, 123),  (267, 657, 71, 366),  (5, 83, 43, 242),  (344, 685, 75, 173),  (88, 283, 46, 394),  (339, 334, 54, 399),  (227, 385, 26, 382),  (26, 692, 85, 248),  (44, 409, 10, 216),  (303, 694, 88, 424),  (316, 320, 22, 72),  (283, 192, 25, 106),  (344, 176, 38, 473),  (254, 14, 81, 337),  (123, 241, 92, 294),  (19, 519, 70, 20),  (264, 451, 70, 227),  (107, 537, 23, 425),  (340, 518, 65, 102),  (338, 421, 56, 28),  (76, 748, 47, 116),  (304, 741, 88, 415),  (319, 230, 75, 40),  (175, 239, 99, 361),  (74, 172, 14, 288),  (329, 391, 74, 22),  (25, 199, 81, 450),  (281, 55, 64, 47),  (275, 458, 43, 67),  (249, 741, 38, 359),  (193, 462, 15, 304),  (287, 115, 71, 477),  (300, 270, 38, 482),  (328, 749, 19, 91),  (151, 434, 72, 432),  (16, 713, 48, 326),  (111, 506, 24, 362),  (61, 473, 88, 89),  (141, 518, 54, 8),  (116, 383, 86, 196),  (341, 433, 41, 210),  (330, 586, 23, 356),  (126, 377, 72, 396),  (49, 2, 87, 141),  (270, 373, 44, 196),  (275, 560, 85, 260),  (131, 629, 7, 124),  (321, 366, 90, 72),  (39, 593, 16, 435),  (150, 630, 60, 331),  (136, 500, 63, 41),  (105, 123, 20, 403),  (69, 7, 21, 459),  (52, 548, 86, 297),  (189, 433, 53, 38),  (144, 534, 97, 301),  (259, 550, 19, 356),  (248, 584, 72, 137),  (174, 250, 95, 350),  (204, 77, 43, 25),  (106, 647, 70, 472),  (322, 611, 10, 199),  (277, 255, 25, 405),  (174, 57, 38, 391),  (217, 96, 23, 336),  (40, 198, 37, 450),  (123, 128, 52, 225),  (343, 164, 35, 45),  (203, 522, 6, 219),  (24, 223, 62, 148),  (149, 671, 67, 231),  (68, 523, 19, 50),  (202, 747, 38, 88),  (259, 1, 86, 345),  (172, 396, 49, 7),  (348, 745, 44, 178),  (53, 370, 78, 90),  (304, 180, 69, 414),  (261, 629, 47, 85),  (154, 224, 3, 254),  (262, 11, 33, 348),  (100, 159, 13, 146),  (109, 594, 11, 439),  (169, 726, 50, 221),  (226, 706, 19, 378),  (22, 496, 6, 102),  (335, 280, 33, 406),  (53, 574, 93, 37),  (302, 443, 39, 68),  (183, 26, 11, 476),  (302, 192, 95, 118),  (102, 120, 64, 402),  (334, 531, 84, 190),  (149, 692, 1, 188),  (87, 624, 4, 88),  (230, 566, 23, 396),  (21, 37, 52, 116),  (82, 639, 49, 365),  (338, 288, 28, 358),  (319, 262, 43, 284),  (200, 416, 86, 157),  (82, 46, 74, 140),  (130, 556, 48, 127),  (289, 729, 77, 281),  (178, 562, 32, 334),  (126, 630, 79, 233),  (276, 677, 89, 314),  (201, 64, 88, 476),  (118, 239, 63, 62),  (323, 340, 61, 301),  (286, 294, 90, 254),  (120, 367, 16, 254),  (98, 449, 47, 340),  (3, 666, 54, 386),  (185, 558, 94, 327),  (41, 185, 14, 234),  (259, 574, 97, 171),  (269, 600, 97, 403),  (244, 230, 49, 312),  (33, 378, 47, 215),  (41, 614, 18, 137),  (111, 13, 30, 337),  (25, 541, 43, 10),  (111, 353, 34, 464),  (210, 194, 97, 258),  (33, 613, 88, 227),  (11, 179, 73, 11),  (212, 244, 61, 320),  (243, 360, 11, 441),  (101, 543, 18, 390),  (249, 48, 40, 407),  (32, 240, 85, 165),  (226, 279, 54, 303),  (291, 442, 83, 75),  (164, 543, 97, 439),  (318, 708, 14, 274),  (90, 145, 13, 190),  (36, 202, 13, 129),  (210, 661, 82, 5),  (298, 575, 86, 393),  (253, 115, 35, 117),  (125, 8, 77, 210),  (50, 213, 9, 27),  (252, 522, 57, 430),  (88, 165, 54, 148),  (138, 441, 100, 312),  (241, 127, 82, 426),  (89, 150, 69, 95),  (104, 318, 12, 123),  (318, 195, 6, 398),  (15, 431, 78, 59),  (280, 535, 23, 64),  (19, 737, 86, 28),  (181, 166, 60, 212),  (93, 284, 2, 488),  (340, 730, 25, 489),  (126, 371, 1, 360),  (26, 593, 78, 226),  (144, 639, 38, 215),  (58, 208, 37, 83),  (341, 500, 34, 177),  (303, 408, 24, 61),  (162, 278, 95, 259),  (209, 717, 81, 179),  (72, 458, 40, 95),  (30, 63, 93, 269),  (311, 342, 84, 105),  (264, 3, 22, 240),  (104, 563, 9, 465),  (135, 205, 20, 191),  (191, 204, 72, 151),  (311, 54, 37, 15),  (123, 313, 99, 163),  (323, 129, 75, 425),  (19, 541, 3, 323),  (296, 549, 2, 425),  (272, 66, 60, 315),  (340, 186, 87, 5),  (17, 726, 28, 409),  (271, 336, 70, 411),  (335, 580, 90, 237),  (220, 485, 91, 16),  (55, 371, 7, 135),  (104, 311, 22, 137),  (231, 543, 62, 30),  (180, 592, 79, 474),  (40, 467, 94, 51),  (102, 63, 64, 43),  (299, 451, 2, 305),  (182, 311, 39, 190),  (252, 440, 97, 197),  (61, 62, 58, 129),  (183, 275, 14, 367),  (28, 306, 47, 450),  (264, 161, 60, 382),  (109, 498, 30, 226),  (191, 198, 40, 226),  (114, 268, 29, 346),  (4, 534, 18, 198),  (319, 14, 7, 350),  (259, 397, 32, 315),  (345, 440, 51, 71),  (53, 536, 32, 473),  (313, 8, 37, 342),  (331, 338, 13, 118),  (52, 703, 84, 295),  (181, 233, 40, 76),  (50, 153, 8, 69),  (238, 207, 29, 66),  (127, 743, 25, 62),  (289, 7, 81, 485),  (232, 476, 91, 240),  (235, 57, 44, 90),  (344, 209, 10, 262),  (192, 26, 81, 52),  (168, 578, 8, 239),  (232, 88, 9, 444),  (340, 688, 48, 470),  (264, 516, 36, 277),  (25, 694, 16, 303),  (276, 276, 65, 276),  (67, 750, 32, 142),  (317, 389, 30, 167),  (211, 191, 9, 207),  (236, 367, 76, 28),  (106, 112, 96, 190),  (134, 179, 77, 277),  (48, 241, 51, 390),  (77, 173, 69, 150),  (335, 361, 44, 218),  (313, 508, 52, 101),  (268, 612, 99, 472),  (90, 491, 22, 412),  (148, 395, 21, 484),  (335, 148, 52, 80),  (214, 723, 43, 158),  (335, 129, 79, 108),  (298, 544, 18, 428),  (265, 712, 73, 158),  (104, 52, 65, 2),  (135, 14, 68, 439),  (1, 183, 12, 322),  (253, 486, 16, 217),  (63, 147, 88, 224),  (295, 464, 17, 454),  (240, 462, 83, 188),  (107, 210, 49, 38),  (220, 7, 20, 38),  (257, 350, 12, 463),  (309, 597, 31, 85),  (66, 583, 56, 419),  (203, 633, 67, 93),  (333, 602, 1, 106),  (150, 117, 25, 397),  (44, 246, 40, 344),  (203, 202, 27, 401),  (37, 34, 13, 74),  (237, 227, 18, 276),  (140, 313, 79, 450),  (77, 736, 75, 10),  (302, 739, 8, 430),  (37, 719, 62, 420),  (188, 202, 67, 143),  (250, 686, 69, 243),  (76, 192, 15, 243),  (97, 744, 42, 4),  (265, 243, 41, 437),  (185, 65, 86, 218),  (73, 135, 52, 312),  (171, 122, 20, 359),  (186, 266, 41, 186),  (211, 409, 89, 457),  (236, 543, 13, 68),  (324, 4, 70, 91),  (212, 648, 80, 168),  (23, 708, 77, 420),  (253, 559, 14, 329),  (119, 127, 42, 398),  (255, 596, 65, 151),  (167, 215, 38, 241),  (107, 341, 44, 331),  (170, 469, 17, 255),  (250, 123, 61, 274),  (336, 273, 93, 348),  (100, 46, 31, 333),  (128, 201, 20, 376),  (24, 658, 20, 214),  (30, 658, 90, 188),  (244, 663, 92, 105),  (264, 57, 20, 103),  (197, 336, 81, 436),  (170, 640, 33, 131),  (291, 329, 35, 428),  (210, 21, 10, 198),  (228, 328, 3, 332),  (275, 712, 48, 143),  (240, 336, 17, 99),  (308, 343, 32, 130),  (77, 67, 49, 107),  (298, 393, 60, 128),  (326, 215, 20, 33),  (310, 141, 3, 319),  (202, 560, 80, 12),  (307, 602, 83, 54),  (37, 619, 85, 388),  (100, 173, 11, 183),  (19, 702, 30, 448),  (121, 152, 62, 124),  (214, 357, 56, 365),  (344, 679, 94, 134),  (269, 749, 15, 342),  (270, 117, 70, 27),  (94, 332, 59, 289),  (199, 7, 68, 488),  (22, 503, 22, 221),  (299, 424, 13, 114),  (317, 231, 6, 466),  (113, 396, 15, 251),  (137, 367, 88, 4),  (292, 243, 5, 200),  (30, 370, 28, 58),  (113, 700, 71, 391),  (163, 101, 98, 407),  (58, 119, 13, 181),  (213, 214, 85, 54),  (334, 591, 48, 309),  (65, 272, 99, 380),  (31, 274, 79, 101),  (76, 48, 31, 53);
INSERT INTO product_warehouse
(
product_id, 
warehouse_id
)
VALUES  (546, 17),  (566, 2),  (700, 24),  (723, 2),  (722, 18),  (133, 22),  (474, 24),  (567, 3),  (707, 6),  (487, 3),  (724, 12),  (450, 4),  (677, 18),  (331, 4),  (380, 24),  (445, 12),  (668, 22),  (78, 23),  (295, 13),  (660, 21),  (119, 7),  (217, 14),  (35, 21),  (1, 9),  (92, 17),  (690, 15),  (341, 9),  (176, 15),  (636, 10),  (259, 15),  (405, 10),  (372, 2),  (529, 23),  (493, 17),  (717, 4),  (707, 1),  (147, 11),  (546, 5),  (215, 7),  (552, 8),  (217, 8),  (621, 1),  (258, 3),  (64, 19),  (293, 23),  (552, 17),  (267, 10),  (15, 8),  (299, 5),  (500, 12),  (466, 11),  (72, 20),  (35, 23),  (294, 9),  (479, 21),  (478, 8),  (702, 10),  (522, 4),  (569, 1),  (739, 11),  (312, 22),  (576, 20),  (636, 7),  (456, 4),  (300, 15),  (543, 17),  (174, 5),  (358, 12),  (18, 11),  (560, 19),  (355, 23),  (650, 18),  (611, 21),  (174, 23),  (128, 3),  (187, 17),  (659, 11),  (18, 20),  (446, 2),  (131, 2),  (205, 22),  (127, 4),  (3, 7),  (622, 22),  (65, 17),  (359, 11),  (489, 12),  (499, 5),  (722, 11),  (591, 24),  (627, 16),  (216, 8),  (493, 8),  (385, 12),  (193, 20),  (460, 12),  (222, 15),  (262, 8),  (738, 15),  (446, 8),  (476, 16),  (454, 3),  (119, 8),  (368, 20),  (318, 14),  (637, 18),  (255, 16),  (307, 8),  (377, 9),  (218, 10),  (83, 23),  (20, 23),  (704, 2),  (584, 17),  (165, 13),  (434, 19),  (376, 17),  (659, 21),  (342, 11),  (545, 25),  (549, 15),  (196, 1),  (80, 7),  (156, 2),  (412, 20),  (556, 4),  (22, 25),  (423, 11),  (566, 7),  (334, 5),  (194, 11),  (625, 15),  (671, 13),  (142, 22),  (649, 20),  (212, 5),  (83, 13),  (719, 25),  (328, 13),  (105, 25),  (704, 25),  (393, 16),  (714, 13),  (733, 10),  (134, 4),  (493, 23),  (308, 16),  (492, 16),  (656, 1),  (550, 14),  (232, 8),  (653, 1),  (129, 24),  (313, 12),  (629, 16),  (514, 11),  (208, 20),  (565, 24),  (292, 15),  (624, 7),  (441, 19),  (429, 6),  (476, 12),  (665, 22),  (296, 8),  (269, 14),  (110, 2),  (308, 3),  (422, 6),  (330, 16),  (47, 17),  (76, 5),  (233, 5),  (50, 23),  (672, 10),  (254, 13),  (67, 23),  (443, 25),  (195, 18),  (128, 1),  (243, 7),  (265, 18),  (174, 21),  (347, 11),  (453, 18),  (236, 19),  (31, 17),  (46, 11),  (545, 8),  (742, 18),  (586, 14),  (22, 21),  (295, 13),  (25, 24),  (597, 3),  (422, 2),  (315, 7),  (217, 8),  (162, 1),  (279, 22),  (725, 23),  (530, 12),  (46, 14),  (187, 10),  (133, 17),  (321, 23),  (357, 2),  (492, 1),  (525, 17),  (342, 15),  (688, 15),  (509, 19),  (438, 15),  (570, 6),  (111, 19),  (538, 23),  (198, 5),  (569, 3),  (662, 13),  (353, 15),  (451, 9),  (744, 18),  (634, 4),  (592, 16),  (624, 13),  (550, 17),  (703, 13),  (109, 3),  (375, 1),  (53, 12),  (570, 15),  (42, 18),  (37, 19),  (406, 4),  (667, 25),  (216, 15),  (509, 15),  (644, 3),  (255, 9),  (40, 20),  (52, 13),  (135, 10),  (303, 1),  (620, 7),  (39, 12),  (46, 20),  (180, 7),  (21, 7),  (593, 16),  (506, 17),  (489, 14),  (371, 15),  (119, 25),  (300, 5),  (712, 7),  (42, 17),  (255, 18),  (656, 1),  (267, 17),  (94, 3),  (383, 24),  (18, 25),  (219, 11),  (240, 14),  (107, 19),  (133, 6),  (421, 25),  (713, 24),  (624, 23),  (187, 2),  (479, 9),  (123, 15),  (283, 15),  (681, 24),  (221, 22),  (604, 11),  (241, 23),  (453, 8),  (647, 5),  (428, 22),  (603, 10),  (319, 13),  (488, 20),  (416, 22),  (333, 20),  (90, 13),  (27, 2),  (378, 20),  (372, 22),  (256, 13),  (655, 2),  (356, 13),  (722, 18),  (102, 3),  (539, 7),  (442, 21),  (294, 5),  (619, 8),  (446, 19),  (62, 23),  (712, 10),  (87, 16),  (69, 10),  (1, 17),  (186, 22),  (296, 19),  (611, 25),  (128, 4),  (149, 1),  (57, 22),  (457, 22),  (231, 24),  (190, 5),  (613, 21),  (67, 12),  (226, 7),  (675, 11),  (549, 3),  (367, 16),  (71, 12),  (221, 18),  (627, 5),  (103, 10),  (36, 11),  (75, 21),  (112, 7),  (440, 23),  (173, 20),  (77, 1),  (270, 16),  (483, 24),  (219, 18),  (20, 24),  (22, 1),  (244, 3),  (13, 21),  (528, 10),  (87, 1),  (538, 23),  (408, 19),  (39, 5),  (275, 22),  (275, 4),  (208, 15),  (606, 12),  (309, 20),  (80, 16),  (320, 24),  (602, 25),  (363, 24),  (419, 21),  (667, 6),  (32, 4),  (132, 17),  (369, 5),  (643, 23),  (215, 13),  (643, 7),  (618, 11),  (475, 11),  (326, 1),  (634, 22),  (324, 25),  (349, 16),  (544, 7),  (543, 3),  (642, 21),  (624, 6),  (632, 7),  (88, 19),  (102, 9),  (467, 11),  (746, 22),  (672, 2),  (168, 16),  (91, 8),  (411, 1),  (351, 16),  (626, 7),  (117, 18),  (51, 7),  (330, 25),  (199, 22),  (24, 23),  (306, 16),  (375, 11),  (148, 23),  (9, 12),  (595, 19),  (429, 18),  (120, 6),  (375, 17),  (665, 19),  (210, 21),  (168, 5),  (685, 23),  (202, 24),  (535, 4),  (465, 8),  (137, 14),  (206, 17),  (509, 1),  (167, 24),  (547, 10),  (466, 6),  (323, 11),  (73, 24),  (223, 3),  (441, 18),  (532, 17),  (644, 5),  (678, 4),  (435, 15),  (34, 14),  (194, 3),  (525, 5),  (392, 10),  (666, 5),  (268, 20),  (62, 11),  (18, 16),  (338, 5),  (610, 12),  (748, 8),  (496, 2),  (260, 23),  (598, 14),  (647, 5),  (513, 4),  (183, 15),  (103, 6),  (561, 10),  (742, 18),  (320, 25),  (113, 3),  (549, 23),  (295, 21),  (271, 16),  (142, 21),  (695, 2),  (732, 6),  (583, 8),  (609, 22),  (103, 16),  (568, 24),  (575, 20),  (608, 9),  (657, 8),  (39, 7),  (483, 12),  (475, 25),  (27, 11),  (379, 18),  (90, 16),  (162, 24),  (458, 16),  (385, 10),  (724, 22),  (353, 25),  (598, 12),  (316, 1),  (158, 17),  (555, 21),  (326, 11),  (150, 15),  (378, 17),  (9, 22),  (255, 23),  (683, 23),  (250, 8),  (353, 7),  (359, 11),  (344, 24),  (214, 25),  (504, 21),  (505, 10),  (174, 7),  (55, 5),  (637, 23),  (316, 16),  (57, 1),  (562, 18),  (635, 22),  (511, 17),  (554, 12),  (649, 11),  (387, 11),  (262, 5),  (602, 5),  (601, 2),  (276, 11),  (531, 16),  (645, 19),  (66, 8),  (149, 16),  (504, 10),  (618, 14),  (167, 5),  (404, 10),  (236, 24),  (500, 15),  (462, 21),  (749, 6),  (632, 10),  (699, 16),  (122, 25),  (544, 6),  (670, 24),  (708, 2),  (725, 15),  (503, 16),  (542, 17),  (624, 9),  (727, 11),  (240, 2),  (567, 11),  (242, 5),  (566, 13),  (540, 21),  (660, 21),  (719, 20),  (620, 2),  (351, 11),  (428, 13),  (448, 1),  (254, 1),  (397, 11),  (236, 23),  (186, 13),  (215, 17),  (647, 12),  (90, 17),  (340, 25),  (393, 3),  (194, 8),  (537, 16),  (257, 17),  (244, 21),  (452, 8),  (644, 9),  (416, 20),  (143, 4),  (308, 25),  (119, 8),  (590, 6),  (499, 23),  (714, 5),  (640, 8),  (310, 15),  (196, 3),  (286, 1),  (116, 11),  (355, 11),  (571, 11),  (30, 8),  (420, 17),  (415, 23),  (534, 16),  (184, 8),  (110, 6),  (287, 12),  (31, 12),  (163, 4),  (496, 18),  (516, 10),  (642, 23),  (66, 2),  (733, 2),  (224, 10),  (710, 25),  (595, 7),  (372, 20),  (293, 16),  (629, 18),  (743, 15),  (91, 4),  (307, 3),  (416, 17),  (542, 4),  (79, 13),  (415, 9),  (56, 17),  (584, 25),  (75, 4),  (71, 4),  (632, 9),  (626, 24),  (646, 4),  (306, 17),  (527, 1),  (521, 6),  (278, 19),  (201, 14),  (580, 22),  (224, 24),  (250, 6),  (223, 9),  (171, 5),  (650, 3),  (487, 12),  (35, 16),  (132, 20),  (246, 19),  (47, 18),  (619, 13),  (729, 7),  (28, 3),  (292, 20),  (728, 15),  (355, 16),  (243, 5),  (613, 6),  (325, 19),  (418, 2),  (269, 6),  (526, 11),  (4, 7),  (357, 9),  (598, 4),  (63, 6),  (641, 24),  (197, 19),  (693, 9),  (423, 22),  (335, 18),  (279, 23),  (386, 20),  (254, 19),  (18, 20),  (168, 24),  (643, 16),  (193, 3),  (263, 11),  (46, 5),  (719, 12),  (20, 13),  (380, 10),  (332, 4),  (496, 23),  (274, 16),  (368, 9),  (545, 8),  (75, 13),  (459, 2),  (325, 18),  (600, 22),  (609, 25),  (325, 14),  (389, 2),  (154, 13),  (745, 24),  (250, 4),  (64, 21),  (620, 12),  (174, 10),  (395, 6),  (31, 12),  (194, 5),  (514, 17),  (183, 11),  (686, 11),  (22, 20),  (11, 8),  (469, 17),  (78, 10),  (133, 3),  (498, 19),  (26, 18),  (186, 3),  (462, 17),  (82, 3),  (383, 21),  (463, 7),  (702, 23),  (739, 8),  (127, 17),  (718, 7),  (202, 3),  (566, 22),  (372, 9),  (246, 17),  (499, 10),  (60, 7),  (538, 14),  (446, 11),  (507, 21),  (517, 2),  (693, 1),  (530, 21),  (410, 1),  (615, 10),  (112, 15),  (657, 19),  (126, 7),  (256, 23),  (243, 25),  (341, 3),  (629, 4),  (610, 23),  (465, 1),  (736, 19),  (397, 17),  (249, 13),  (384, 25),  (167, 17),  (346, 2),  (279, 6),  (669, 16),  (195, 22),  (322, 25),  (630, 7),  (65, 23),  (709, 5),  (160, 20),  (696, 20),  (53, 3),  (21, 6),  (411, 3),  (119, 15),  (498, 5),  (412, 17),  (168, 6),  (452, 7),  (251, 15),  (342, 9),  (477, 8),  (611, 1),  (39, 16),  (601, 11),  (744, 7),  (16, 14),  (23, 20),  (24, 16),  (35, 4),  (360, 25),  (644, 1),  (605, 9),  (85, 23),  (481, 7),  (31, 12),  (142, 7),  (87, 2),  (414, 11),  (221, 15),  (4, 4),  (706, 17),  (86, 23),  (246, 6),  (362, 14),  (372, 15),  (557, 24),  (289, 14),  (206, 25),  (237, 9),  (124, 20),  (680, 2),  (99, 19),  (198, 14),  (225, 25),  (691, 9),  (122, 1),  (555, 23),  (561, 18),  (323, 5),  (667, 17),  (434, 20),  (564, 20),  (725, 4),  (355, 22),  (524, 16),  (38, 19),  (365, 24),  (26, 6),  (449, 2),  (585, 18),  (98, 18),  (528, 17),  (352, 2),  (582, 21),  (400, 10),  (155, 18),  (315, 23),  (63, 4),  (304, 2),  (722, 11),  (506, 5),  (234, 20),  (416, 13),  (610, 15),  (462, 15),  (370, 18),  (434, 11),  (320, 1),  (74, 3),  (254, 20),  (422, 7),  (679, 13),  (55, 11),  (596, 15),  (732, 9),  (286, 16),  (41, 13),  (216, 9),  (665, 18),  (533, 18),  (386, 15),  (55, 10),  (341, 5),  (330, 6),  (339, 12),  (14, 8),  (529, 11),  (443, 16),  (34, 25),  (732, 11),  (201, 20),  (327, 16),  (184, 20),  (545, 4),  (654, 22),  (189, 25),  (499, 4),  (679, 4),  (90, 23),  (361, 13),  (544, 16),  (467, 19),  (63, 4),  (335, 4),  (572, 9),  (703, 25),  (564, 16),  (306, 21),  (478, 25),  (413, 11),  (479, 1),  (732, 25),  (133, 1),  (607, 1),  (588, 19),  (501, 17),  (536, 11),  (352, 25),  (114, 21),  (693, 2),  (176, 13),  (177, 1),  (568, 10),  (469, 17),  (305, 25),  (455, 1),  (677, 14),  (116, 19),  (377, 12),  (585, 3),  (171, 22),  (414, 18),  (416, 14),  (446, 13),  (671, 24),  (373, 18),  (554, 19),  (622, 24),  (747, 4),  (544, 19),  (381, 23),  (533, 25),  (654, 22),  (595, 14),  (185, 13),  (348, 13),  (332, 5),  (667, 21),  (407, 25),  (486, 11),  (253, 17),  (545, 6),  (2, 8),  (197, 5),  (509, 15),  (562, 14),  (48, 4),  (440, 1),  (447, 4),  (745, 18),  (715, 22),  (526, 13),  (268, 1),  (674, 11),  (471, 7),  (710, 13),  (450, 9),  (180, 4),  (390, 24),  (535, 19),  (257, 20),  (612, 23),  (681, 2),  (242, 5),  (16, 1),  (415, 9),  (533, 16),  (642, 25),  (130, 14),  (98, 16),  (285, 10),  (419, 20),  (530, 18),  (571, 11),  (98, 14),  (470, 23),  (103, 22),  (748, 3),  (26, 15),  (657, 7),  (317, 17),  (409, 1),  (695, 20),  (664, 6),  (248, 2),  (474, 10),  (533, 21),  (91, 20),  (413, 6),  (428, 9),  (100, 16),  (105, 16),  (261, 1),  (694, 15),  (243, 17),  (279, 22),  (233, 16),  (532, 3),  (225, 1),  (419, 6),  (123, 18),  (277, 2),  (427, 5),  (248, 3),  (596, 15),  (300, 19),  (505, 3),  (453, 5),  (623, 15),  (610, 23),  (267, 3),  (614, 11),  (739, 18),  (576, 25),  (81, 4),  (109, 20),  (533, 22),  (615, 13),  (560, 25),  (426, 14),  (668, 18),  (666, 3),  (385, 9),  (588, 10),  (454, 13),  (429, 6),  (189, 12),  (136, 2),  (218, 1),  (642, 19),  (486, 24),  (535, 5),  (707, 6),  (506, 1),  (184, 13),  (242, 23),  (567, 20),  (44, 23),  (586, 16),  (263, 6),  (346, 8),  (485, 21),  (7, 17),  (719, 7),  (222, 4),  (745, 6),  (353, 16),  (732, 13),  (209, 23),  (338, 8),  (233, 15),  (196, 23),  (621, 5),  (470, 22),  (329, 15),  (574, 5),  (272, 23),  (691, 2),  (164, 24),  (431, 25),  (559, 16),  (238, 22),  (427, 21),  (305, 24),  (520, 2),  (221, 2),  (219, 17),  (244, 22),  (112, 15),  (136, 19),  (505, 17),  (649, 17),  (582, 3),  (289, 8),  (720, 22),  (485, 19),  (354, 5),  (668, 18),  (592, 8),  (408, 8),  (275, 11),  (353, 12),  (591, 5),  (135, 17),  (222, 23),  (626, 15),  (442, 20),  (481, 6),  (381, 23),  (678, 20),  (750, 1),  (388, 9),  (649, 22),  (5, 16),  (711, 13),  (21, 10),  (401, 17),  (586, 21),  (713, 21),  (447, 21),  (602, 23),  (591, 11),  (402, 21),  (313, 3),  (658, 24),  (1, 5),  (666, 13),  (181, 13),  (44, 14),  (561, 10),  (515, 11),  (54, 23),  (26, 3),  (625, 12),  (553, 10),  (750, 17),  (459, 22),  (275, 25),  (292, 22),  (427, 17),  (106, 19),  (95, 20),  (208, 17),  (253, 14),  (581, 16),  (508, 5),  (506, 24),  (241, 25),  (234, 13),  (198, 6),  (456, 23),  (233, 12),  (408, 18),  (203, 5),  (710, 3),  (395, 20),  (730, 16),  (214, 17),  (608, 8),  (216, 11),  (501, 15),  (418, 15),  (734, 23),  (147, 6),  (552, 3),  (465, 14),  (374, 11),  (8, 4),  (628, 10),  (3, 3),  (600, 14),  (343, 3),  (405, 2),  (404, 5),  (436, 2),  (222, 2),  (473, 25),  (638, 19),  (445, 25),  (530, 1),  (286, 10),  (481, 19),  (562, 1),  (380, 9),  (214, 24),  (13, 17),  (500, 17),  (44, 20),  (565, 23),  (122, 14),  (458, 12),  (588, 15),  (540, 5),  (590, 4),  (219, 12),  (361, 3),  (460, 22),  (99, 16),  (443, 24),  (262, 20),  (347, 20),  (713, 18),  (274, 18),  (318, 8),  (265, 3),  (216, 12),  (477, 13),  (33, 17),  (473, 23),  (737, 11),  (28, 1),  (598, 10),  (491, 9),  (656, 9),  (219, 8),  (110, 21),  (586, 23),  (475, 14),  (735, 13),  (469, 12),  (298, 24),  (489, 21),  (593, 10),  (666, 23),  (708, 16),  (723, 19),  (326, 8),  (670, 6),  (78, 6),  (240, 6),  (336, 8),  (173, 22),  (222, 6),  (85, 20),  (183, 7),  (117, 21),  (172, 6),  (399, 7),  (474, 10),  (155, 3),  (64, 13),  (410, 14),  (216, 21),  (23, 9),  (91, 23),  (584, 20),  (284, 5),  (694, 20),  (709, 2),  (601, 13),  (394, 13),  (299, 8),  (51, 5),  (116, 15),  (276, 23),  (657, 24),  (624, 5),  (149, 4),  (522, 20),  (161, 5),  (541, 15),  (83, 10),  (260, 25),  (291, 19),  (544, 14),  (180, 11),  (644, 8),  (738, 8),  (656, 11),  (116, 18),  (726, 17),  (115, 11),  (82, 6),  (82, 5),  (570, 9),  (362, 9),  (45, 15),  (580, 5),  (447, 9),  (725, 18),  (746, 9),  (700, 8),  (456, 9),  (166, 22),  (242, 1),  (59, 8),  (181, 7),  (706, 25),  (401, 13),  (627, 10),  (426, 20),  (344, 5),  (405, 6),  (78, 21),  (303, 16),  (325, 4),  (632, 9),  (695, 2),  (300, 8),  (644, 14),  (396, 10),  (339, 1),  (380, 25),  (317, 12),  (692, 13),  (631, 5),  (528, 7),  (98, 17),  (579, 13),  (181, 12),  (632, 22),  (8, 23),  (362, 22),  (546, 10),  (566, 4),  (727, 12),  (17, 5),  (86, 18),  (175, 12),  (59, 3),  (184, 20),  (103, 22),  (101, 25),  (382, 5),  (76, 7),  (574, 3),  (83, 19),  (39, 16),  (479, 25),  (240, 6),  (253, 9),  (394, 23),  (73, 11),  (282, 8),  (314, 20);
